代號,名稱,市場,,,,,,,,,,,,,PER,PBR,1個月走勢圖,3個月走勢圖,1年走勢圖,3年走勢圖,10年走勢圖
0050,元大台灣50,市,,,,,,,,,,,,,,,,,,,
0051,元大中型100,市,,,,,,,,,,,,,,,,,,,
0052,富邦科技,市,,,,,,,,,,,,,,,,,,,
0053,元大電子,市,,,,,,,,,,,,,,,,,,,
0055,元大MSCI金融,市,,,,,,,,,,,,,,,,,,,
0056,元大高股息,市,,,,,,,,,,,,,,,,,,,
0057,富邦摩台,市,,,,,,,,,,,,,,,,,,,
0061,元大寶滬深,市,,,,,,,,,,,,,,,,,,,
006203,元大MSCI台灣,市,,,,,,,,,,,,,,,,,,,
006204,永豐臺灣加權,市,,,,,,,,,,,,,,,,,,,
006205,富邦上証,市,,,,,,,,,,,,,,,,,,,
006206,元大上證50,市,,,,,,,,,,,,,,,,,,,
006207,復華滬深,市,,,,,,,,,,,,,,,,,,,
006208,富邦台50,市,,,,,,,,,,,,,,,,,,,
00625K,富邦上証+R,市,,,,,,,,,,,,,,,,,,,
00631L,元大台灣50正2,市,,,,,,,,,,,,,,,,,,,
00633L,富邦上証正2,市,,,,,,,,,,,,,,,,,,,
00634R,富邦上証反1,市,,,,,,,,,,,,,,,,,,,
00635U,期元大S&P黃金,市,,,,,,,,,,,,,,,,,,,
00636,國泰中國A50,市,,,,,,,,,,,,,,,,,,,
00636K,國泰中國A50+U,市,,,,,,,,,,,,,,,,,,,
00637L,元大滬深300正2,市,,,,,,,,,,,,,,,,,,,
00638R,元大滬深300反1,市,,,,,,,,,,,,,,,,,,,
00639,富邦深100,市,,,,,,,,,,,,,,,,,,,
00640L,富邦日本正2,市,,,,,,,,,,,,,,,,,,,
00641R,富邦日本反1,市,,,,,,,,,,,,,,,,,,,
00642U,期元大S&P石油,市,,,,,,,,,,,,,,,,,,,
00643,群益深証中小,市,,,,,,,,,,,,,,,,,,,
00643K,群益深証中小+R,市,,,,,,,,,,,,,,,,,,,
00645,富邦日本,市,,,,,,,,,,,,,,,,,,,
00646,元大S&P500,市,,,,,,,,,,,,,,,,,,,
00647L,元大S&P500正2,市,,,,,,,,,,,,,,,,,,,
00648R,元大S&P500反1,市,,,,,,,,,,,,,,,,,,,
00650L,復華香港正2,市,,,,,,,,,,,,,,,,,,,
00651R,復華香港反1,市,,,,,,,,,,,,,,,,,,,
00652,富邦印度,市,,,,,,,,,,,,,,,,,,,
00653L,富邦印度正2,市,,,,,,,,,,,,,,,,,,,
00654R,富邦印度反1,市,,,,,,,,,,,,,,,,,,,
00655L,國泰中國A50正2,市,,,,,,,,,,,,,,,,,,,
00656R,國泰中國A50反1,市,,,,,,,,,,,,,,,,,,,
00657,國泰日經225,市,,,,,,,,,,,,,,,,,,,
00657K,國泰日經225+U,市,,,,,,,,,,,,,,,,,,,
00660,元大歐洲50,市,,,,,,,,,,,,,,,,,,,
00661,元大日經225,市,,,,,,,,,,,,,,,,,,,
00662,富邦NASDAQ,市,,,,,,,,,,,,,,,,,,,
00663L,國泰臺灣加權正2,市,,,,,,,,,,,,,,,,,,,
00664R,國泰臺灣加權反1,市,,,,,,,,,,,,,,,,,,,
00665L,富邦恒生國企正2,市,,,,,,,,,,,,,,,,,,,
00666R,富邦恒生國企反1,市,,,,,,,,,,,,,,,,,,,
00668,國泰美國道瓊,市,,,,,,,,,,,,,,,,,,,
00668K,國泰美國道瓊+U,市,,,,,,,,,,,,,,,,,,,
00669R,國泰美國道瓊反1,市,,,,,,,,,,,,,,,,,,,
00670L,富邦NASDAQ正2,市,,,,,,,,,,,,,,,,,,,
00671R,富邦NASDAQ反1,市,,,,,,,,,,,,,,,,,,,
00673R,期元大S&P原油反1,市,,,,,,,,,,,,,,,,,,,
00674R,期元大S&P黃金反1,市,,,,,,,,,,,,,,,,,,,
00675L,富邦臺灣加權正2,市,,,,,,,,,,,,,,,,,,,
00676R,富邦臺灣加權反1,市,,,,,,,,,,,,,,,,,,,
00678,群益那斯達克生技,市,,,,,,,,,,,,,,,,,,,
00680L,元大美債20正2,市,,,,,,,,,,,,,,,,,,,
00681R,元大美債20反1,市,,,,,,,,,,,,,,,,,,,
00682U,期元大美元指數,市,,,,,,,,,,,,,,,,,,,
00683L,期元大美元指正2,市,,,,,,,,,,,,,,,,,,,
00684R,期元大美元指反1,市,,,,,,,,,,,,,,,,,,,
00685L,群益臺灣加權正2,市,,,,,,,,,,,,,,,,,,,
00686R,群益臺灣加權反1,市,,,,,,,,,,,,,,,,,,,
00688L,國泰20年美債正2,市,,,,,,,,,,,,,,,,,,,
00689R,國泰20年美債反1,市,,,,,,,,,,,,,,,,,,,
00690,兆豐藍籌30,市,,,,,,,,,,,,,,,,,,,
00692,富邦公司治理,市,,,,,,,,,,,,,,,,,,,
00693U,期街口S&P黃豆,市,,,,,,,,,,,,,,,,,,,
00700,富邦恒生國企,市,,,,,,,,,,,,,,,,,,,
00701,國泰股利精選30,市,,,,,,,,,,,,,,,,,,,
00702,國泰標普低波高息,市,,,,,,,,,,,,,,,,,,,
00703,台新MSCI中國,市,,,,,,,,,,,,,,,,,,,
00706L,期元大S&P日圓正2,市,,,,,,,,,,,,,,,,,,,
00707R,期元大S&P日圓反1,市,,,,,,,,,,,,,,,,,,,
00708L,期元大S&P黃金正2,市,,,,,,,,,,,,,,,,,,,
00709,富邦歐洲,市,,,,,,,,,,,,,,,,,,,
00710B,復華彭博非投等債,市,,,,,,,,,,,,,,,,,,,
00711B,復華彭博新興債,市,,,,,,,,,,,,,,,,,,,
00712,復華富時不動產,市,,,,,,,,,,,,,,,,,,,
00713,元大台灣高息低波,市,,,,,,,,,,,,,,,,,,,
00714,群益道瓊美國地產,市,,,,,,,,,,,,,,,,,,,
00715L,期街口布蘭特正2,市,,,,,,,,,,,,,,,,,,,
00717,富邦美國特別股,市,,,,,,,,,,,,,,,,,,,
00728,第一金工業30,市,,,,,,,,,,,,,,,,,,,
00730,富邦臺灣優質高息,市,,,,,,,,,,,,,,,,,,,
00731,復華富時高息低波,市,,,,,,,,,,,,,,,,,,,
00733,富邦臺灣中小,市,,,,,,,,,,,,,,,,,,,
00735,國泰臺韓科技,市,,,,,,,,,,,,,,,,,,,
00736,國泰新興市場,市,,,,,,,,,,,,,,,,,,,
00737,國泰AI+Robo,市,,,,,,,,,,,,,,,,,,,
00738U,期元大道瓊白銀,市,,,,,,,,,,,,,,,,,,,
00739,元大MSCI A股,市,,,,,,,,,,,,,,,,,,,
00752,中信中國50,市,,,,,,,,,,,,,,,,,,,
00753L,中信中國50正2,市,,,,,,,,,,,,,,,,,,,
00757,統一FANG+,市,,,,,,,,,,,,,,,,,,,
00762,元大全球AI,市,,,,,,,,,,,,,,,,,,,
00763U,期街口道瓊銅,市,,,,,,,,,,,,,,,,,,,
00770,國泰北美科技,市,,,,,,,,,,,,,,,,,,,
00771,元大US高息特別股,市,,,,,,,,,,,,,,,,,,,
00775B,新光投等債15+,市,,,,,,,,,,,,,,,,,,,
00783,富邦中証500,市,,,,,,,,,,,,,,,,,,,
00830,國泰費城半導體,市,,,,,,,,,,,,,,,,,,,
00850,元大臺灣ESG永續,市,,,,,,,,,,,,,,,,,,,
00851,台新全球AI,市,,,,,,,,,,,,,,,,,,,
00852L,國泰美國道瓊正2,市,,,,,,,,,,,,,,,,,,,
00861,元大全球未來通訊,市,,,,,,,,,,,,,,,,,,,
00865B,國泰US短期公債,市,,,,,,,,,,,,,,,,,,,
00875,國泰網路資安,市,,,,,,,,,,,,,,,,,,,
00876,元大全球5G,市,,,,,,,,,,,,,,,,,,,
00878,國泰永續高股息,市,,,,,,,,,,,,,,,,,,,
00881,國泰台灣5G+,市,,,,,,,,,,,,,,,,,,,
00882,中信中國高股息,市,,,,,,,,,,,,,,,,,,,
00885,富邦越南,市,,,,,,,,,,,,,,,,,,,
00891,中信關鍵半導體,市,,,,,,,,,,,,,,,,,,,
00892,富邦台灣半導體,市,,,,,,,,,,,,,,,,,,,
00893,國泰智能電動車,市,,,,,,,,,,,,,,,,,,,
00894,中信小資高價30,市,,,,,,,,,,,,,,,,,,,
00895,富邦未來車,市,,,,,,,,,,,,,,,,,,,
00896,中信綠能及電動車,市,,,,,,,,,,,,,,,,,,,
00897,富邦基因免疫生技,市,,,,,,,,,,,,,,,,,,,
00898,國泰基因免疫革命,市,,,,,,,,,,,,,,,,,,,
00899,FT潔淨能源,市,,,,,,,,,,,,,,,,,,,
00900,富邦特選高股息30,市,,,,,,,,,,,,,,,,,,,
00901,永豐智能車供應鏈,市,,,,,,,,,,,,,,,,,,,
00902,中信電池及儲能,市,,,,,,,,,,,,,,,,,,,
00903,富邦元宇宙,市,,,,,,,,,,,,,,,,,,,
00904,新光臺灣半導體30,市,,,,,,,,,,,,,,,,,,,
00905,FT臺灣Smart,市,,,,,,,,,,,,,,,,,,,
00907,永豐優息存股,市,,,,,,,,,,,,,,,,,,,
00908,富邦入息REITs+,市,,,,,,,,,,,,,,,,,,,
00909,國泰數位支付服務,市,,,,,,,,,,,,,,,,,,,
00910,第一金太空衛星,市,,,,,,,,,,,,,,,,,,,
00911,兆豐洲際半導體,市,,,,,,,,,,,,,,,,,,,
00912,中信臺灣智慧50,市,,,,,,,,,,,,,,,,,,,
00913,兆豐台灣晶圓製造,市,,,,,,,,,,,,,,,,,,,
00915,凱基優選高股息30,市,,,,,,,,,,,,,,,,,,,
00916,國泰全球品牌50,市,,,,,,,,,,,,,,,,,,,
00917,中信特選金融,市,,,,,,,,,,,,,,,,,,,
00918,大華優利高填息30,市,,,,,,,,,,,,,,,,,,,
00919,群益台灣精選高息,市,,,,,,,,,,,,,,,,,,,
00920,富邦ESG綠色電力,市,,,,,,,,,,,,,,,,,,,
00921,兆豐龍頭等權重,市,,,,,,,,,,,,,,,,,,,
00922,國泰台灣領袖50,市,,,,,,,,,,,,,,,,,,,
00923,群益台ESG低碳50,市,,,,,,,,,,,,,,,,,,,
00924,復華S&P500成長,市,,,,,,,,,,,,,,,,,,,
00925,新光標普電動車,市,,,,,,,,,,,,,,,,,,,
00926,凱基全球菁英55,市,,,,,,,,,,,,,,,,,,,
00927,群益半導體收益,市,,,,,,,,,,,,,,,,,,,
00929,復華台灣科技優息,市,,,,,,,,,,,,,,,,,,,
00930,永豐ESG低碳高息,市,,,,,,,,,,,,,,,,,,,
00932,兆豐永續高息等權,市,,,,,,,,,,,,,,,,,,,
00934,中信成長高股息,市,,,,,,,,,,,,,,,,,,,
00935,野村臺灣新科技50,市,,,,,,,,,,,,,,,,,,,
00936,台新永續高息中小,市,,,,,,,,,,,,,,,,,,,
00938,凱基優選30,市,,,,,,,,,,,,,,,,,,,
00939,統一台灣高息動能,市,,,,,,,,,,,,,,,,,,,
00940,元大台灣價值高息,市,,,,,,,,,,,,,,,,,,,
00941,中信上游半導體,市,,,,,,,,,,,,,,,,,,,
00943,兆豐電子高息等權,市,,,,,,,,,,,,,,,,,,,
00944,野村趨勢動能高息,市,,,,,,,,,,,,,,,,,,,
00945B,凱基美國非投等債,市,,,,,,,,,,,,,,,,,,,
00946,群益科技高息成長,市,,,,,,,,,,,,,,,,,,,
00947,台新臺灣IC設計,市,,,,,,,,,,,,,,,,,,,
00949,復華日本龍頭,市,,,,,,,,,,,,,,,,,,,
00951,台新日本半導體,市,,,,,,,,,,,,,,,,,,,
00952,凱基台灣AI50,市,,,,,,,,,,,,,,,,,,,
00953B,群益優選非投等債,市,,,,,,,,,,,,,,,,,,,
00954,中信日本半導體,市,,,,,,,,,,,,,,,,,,,
00956,中信日經高股息,市,,,,,,,,,,,,,,,,,,,
00960,野村全球航運龍頭,市,,,,,,,,,,,,,,,,,,,
00961,FT臺灣永續高息,市,,,,,,,,,,,,,,,,,,,
00962,台新AI優息動能,市,,,,,,,,,,,,,,,,,,,
00963,中信全球高股息,市,,,,,,,,,,,,,,,,,,,
00964,中信亞太高股息,市,,,,,,,,,,,,,,,,,,,
00965,元大航太防衛科技,市,,,,,,,,,,,,,,,,,,,
01001T,土銀富邦R1,市,,,,,,,,,,,,,,,,,,,
01002T,土銀國泰R1,市,,,,,,,,,,,,,,,,,,,
01004T,土銀富邦R2,市,,,,,,,,,,,,,,,,,,,
01007T,兆豐國泰R2,市,,,,,,,,,,,,,,,,,,,
01009T,王道圓滿R1,市,,,,,,,,,,,,,,,,,,,
01010T,京城樂富R1,市,,,,,,,,,,,,,,,,,,,
020000,富邦特選蘋果N,市,,,,,,,,,,,,,,,,,,,
020011,統一微波高息20N,市,,,,,,,,,,,,,,,,,,,
020012,富邦行動通訊N,市,,,,,,,,,,,,,,,,,,,
020015,統一MSCI美低波N,市,,,,,,,,,,,,,,,,,,,
020016,統一MSCI美科技N,市,,,,,,,,,,,,,,,,,,,
020018,統一價值成長30N,市,,,,,,,,,,,,,,,,,,,
020019,統一特選台灣5GN,市,,,,,,,,,,,,,,,,,,,
02001L,富邦蘋果正二N,市,,,,,,,,,,,,,,,,,,,
02001R,富邦蘋果反一N,市,,,,,,,,,,,,,,,,,,,
02001S,策元大加權策略N,市,,,,,,,,,,,,,,,,,,,
020020,元大台股領航N,市,,,,,,,,,,,,,,,,,,,
020028,元大特選電動車N,市,,,,,,,,,,,,,,,,,,,
020029,元大ESG高股息N,市,,,,,,,,,,,,,,,,,,,
020030,統一智慧電動車N,市,,,,,,,,,,,,,,,,,,,
020031,統一IC設計臺灣N,市,,,,,,,,,,,,,,,,,,,
020032,元大綠能N,市,,,,,,,,,,,,,,,,,,,
020034,元大IC設計N,市,,,,,,,,,,,,,,,,,,,
020036,元大金融配息N,市,,,,,,,,,,,,,,,,,,,
020037,元大金融高股息N,市,,,,,,,,,,,,,,,,,,,
020038,元大ESG配息N,市,,,,,,,,,,,,,,,,,,,
020039,元大加權N,市,,,,,,,,,,,,,,,,,,,
1101,台泥,市,,,,,,,,,,,,,27.6,1.06,,,,,
1101B,台泥乙特,市,,,,,,,,,,,,,,,,,,,
1102,亞泥,市,,,,,,,,,,,,,13.7,0.85,,,,,
1103,嘉泥,市,,,,,,,,,,,,,25.2,0.54,,,,,
1104,環泥,市,,,,,,,,,,,,,12.9,0.87,,,,,
1108,幸福,市,,,,,,,,,,,,,13.8,1.16,,,,,
1109,信大,市,,,,,,,,,,,,,10.7,0.77,,,,,
1110,東泥,市,,,,,,,,,,,,,43,1.28,,,,,
1201,味全,市,,,,,,,,,,,,,22.3,1.21,,,,,
1203,味王,市,,,,,,,,,,,,,20.7,1.67,,,,,
1210,大成,市,,,,,,,,,,,,,13.2,1.85,,,,,
1213,大飲,市,,,,,,,,,,,,,,3.68,,,,,
1215,卜蜂,市,,,,,,,,,,,,,16,2.9,,,,,
1216,統一,市,,,,,,,,,,,,,25.6,3.78,,,,,
1217,愛之味,市,,,,,,,,,,,,,17.8,0.78,,,,,
1218,泰山,市,,,,,,,,,,,,,12.3,0.8,,,,,
1219,福壽,市,,,,,,,,,,,,,27.7,1.26,,,,,
1220,台榮,市,,,,,,,,,,,,,11.8,1.22,,,,,
1225,福懋油,市,,,,,,,,,,,,,43.8,5.16,,,,,
1227,佳格,市,,,,,,,,,,,,,22.2,1.93,,,,,
1229,聯華,市,,,,,,,,,,,,,24.9,2.08,,,,,
1231,聯華食,市,,,,,,,,,,,,,28.9,5.72,,,,,
1232,大統益,市,,,,,,,,,,,,,18.1,4.4,,,,,
1233,天仁,市,,,,,,,,,,,,,35.3,1.99,,,,,
1234,黑松,市,,,,,,,,,,,,,17.3,0.89,,,,,
1235,興泰,市,,,,,,,,,,,,,60.5,1.51,,,,,
1236,宏亞,市,,,,,,,,,,,,,,0.78,,,,,
1256,鮮活果汁-KY,市,,,,,,,,,,,,,17.1,1.32,,,,,
1301,台塑,市,,,,,,,,,,,,,,0.81,,,,,
1303,南亞,市,,,,,,,,,,,,,93.8,0.83,,,,,
1304,台聚,市,,,,,,,,,,,,,,0.61,,,,,
1305,華夏,市,,,,,,,,,,,,,,0.86,,,,,
1307,三芳,市,,,,,,,,,,,,,13.1,1.62,,,,,
1308,亞聚,市,,,,,,,,,,,,,,0.75,,,,,
1309,台達化,市,,,,,,,,,,,,,,0.99,,,,,
1310,台苯,市,,,,,,,,,,,,,,0.84,,,,,
1312,國喬,市,,,,,,,,,,,,,,0.38,,,,,
1312A,國喬特,市,,,,,,,,,,,,,,,,,,,
1313,聯成,市,,,,,,,,,,,,,,0.49,,,,,
1314,中石化,市,,,,,,,,,,,,,25.3,0.39,,,,,
1315,達新,市,,,,,,,,,,,,,70.5,0.68,,,,,
1316,上曜,市,,,,,,,,,,,,,,1.23,,,,,
1319,東陽,市,,,,,,,,,,,,,17.5,2.6,,,,,
1321,大洋,市,,,,,,,,,,,,,47,1.21,,,,,
1323,永裕,市,,,,,,,,,,,,,9.35,0.89,,,,,
1324,地球,市,,,,,,,,,,,,,180,0.98,,,,,
1325,恆大,市,,,,,,,,,,,,,,0.86,,,,,
1326,台化,市,,,,,,,,,,,,,123,0.64,,,,,
1337,再生-KY,市,,,,,,,,,,,,,,0.44,,,,,
1338,廣華-KY,市,,,,,,,,,,,,,,0.39,,,,,
1339,昭輝,市,,,,,,,,,,,,,10.4,1.03,,,,,
1340,勝悅-KY,市,,,,,,,,,,,,,,0.43,,,,,
1341,富林-KY,市,,,,,,,,,,,,,14.3,2.63,,,,,
1342,八貫,市,,,,,,,,,,,,,16.3,3.64,,,,,
1402,遠東新,市,,,,,,,,,,,,,17.8,0.78,,,,,
1409,新纖,市,,,,,,,,,,,,,17.9,0.67,,,,,
1410,南染,市,,,,,,,,,,,,,108,2.15,,,,,
1413,宏洲,市,,,,,,,,,,,,,,1.33,,,,,
1414,東和,市,,,,,,,,,,,,,76.9,1.66,,,,,
1416,廣豐,市,,,,,,,,,,,,,25.1,0.62,,,,,
1417,嘉裕,市,,,,,,,,,,,,,,0.79,,,,,
1418,東華,市,,,,,,,,,,,,,55.5,1.35,,,,,
1419,新紡,市,,,,,,,,,,,,,21.6,0.94,,,,,
1423,利華,市,,,,,,,,,,,,,76.6,1.14,,,,,
1432,大魯閣,市,,,,,,,,,,,,,,2.07,,,,,
1434,福懋,市,,,,,,,,,,,,,27.6,0.77,,,,,
1435,中福,市,,,,,,,,,,,,,,4.54,,,,,
1436,華友聯,市,,,,,,,,,,,,,4.63,2.69,,,,,
1437,勤益控,市,,,,,,,,,,,,,10.4,0.87,,,,,
1438,三地開發,市,,,,,,,,,,,,,,3.07,,,,,
1439,雋揚,市,,,,,,,,,,,,,19,1.08,,,,,
1440,南紡,市,,,,,,,,,,,,,10.4,0.87,,,,,
1441,大東,市,,,,,,,,,,,,,10.5,1.7,,,,,
1442,名軒,市,,,,,,,,,,,,,8.32,3.73,,,,,
1443,立益物流,市,,,,,,,,,,,,,20.5,2.05,,,,,
1444,力麗,市,,,,,,,,,,,,,,0.82,,,,,
1445,大宇,市,,,,,,,,,,,,,2.24,0.93,,,,,
1446,宏和,市,,,,,,,,,,,,,5.78,2.99,,,,,
1447,力鵬,市,,,,,,,,,,,,,,0.71,,,,,
1449,佳和,市,,,,,,,,,,,,,31.9,1.38,,,,,
1451,年興,市,,,,,,,,,,,,,67.4,0.6,,,,,
1452,宏益,市,,,,,,,,,,,,,28.3,0.77,,,,,
1453,大將,市,,,,,,,,,,,,,24,1.19,,,,,
1454,台富,市,,,,,,,,,,,,,73.4,1.24,,,,,
1455,集盛,市,,,,,,,,,,,,,47.6,0.83,,,,,
1456,怡華,市,,,,,,,,,,,,,,1.1,,,,,
1457,宜進,市,,,,,,,,,,,,,6.24,0.86,,,,,
1459,聯發,市,,,,,,,,,,,,,26.8,1.03,,,,,
1460,宏遠,市,,,,,,,,,,,,,,0.83,,,,,
1463,強盛新,市,,,,,,,,,,,,,55.6,1.83,,,,,
1464,得力,市,,,,,,,,,,,,,25.8,1.36,,,,,
1465,偉全,市,,,,,,,,,,,,,78.4,0.94,,,,,
1466,聚隆,市,,,,,,,,,,,,,,1.08,,,,,
1467,南緯,市,,,,,,,,,,,,,27.8,0.85,,,,,
1468,昶和,市,,,,,,,,,,,,,25.6,1.75,,,,,
1470,大統新創,市,,,,,,,,,,,,,27.5,1.81,,,,,
1471,首利,市,,,,,,,,,,,,,81.6,1.58,,,,,
1472,三洋實業,市,,,,,,,,,,,,,22,1.77,,,,,
1473,台南,市,,,,,,,,,,,,,12.6,1.33,,,,,
1474,弘裕,市,,,,,,,,,,,,,12.6,0.79,,,,,
1475,業旺,市,,,,,,,,,,,,,9.85,2.61,,,,,
1476,儒鴻,市,,,,,,,,,,,,,22.9,5.35,,,,,
1477,聚陽,市,,,,,,,,,,,,,18.8,5.68,,,,,
1503,士電,市,,,,,,,,,,,,,36.1,2.72,,,,,
1504,東元,市,,,,,,,,,,,,,19.4,1.39,,,,,
1506,正道,市,,,,,,,,,,,,,112,1.48,,,,,
1512,瑞利,市,,,,,,,,,,,,,,2.05,,,,,
1513,中興電,市,,,,,,,,,,,,,22.4,4.33,,,,,
1514,亞力,市,,,,,,,,,,,,,33.4,5.31,,,,,
1515,力山,市,,,,,,,,,,,,,11.3,1.46,,,,,
1516,川飛,市,,,,,,,,,,,,,78,1.5,,,,,
1517,利奇,市,,,,,,,,,,,,,,0.87,,,,,
1519,華城,市,,,,,,,,,,,,,41.8,22.2,,,,,
1521,大億,市,,,,,,,,,,,,,206,1.47,,,,,
1522,堤維西,市,,,,,,,,,,,,,10.8,2.15,,,,,
1522A,堤維西甲特,市,,,,,,,,,,,,,,,,,,,
1524,耿鼎,市,,,,,,,,,,,,,13.3,2.22,,,,,
1525,江申,市,,,,,,,,,,,,,17.6,0.97,,,,,
1526,日馳,市,,,,,,,,,,,,,,1.03,,,,,
1527,鑽全,市,,,,,,,,,,,,,13.8,1.26,,,,,
1528,恩德,市,,,,,,,,,,,,,,1.41,,,,,
1529,樂事綠能,市,,,,,,,,,,,,,61.1,2.24,,,,,
1530,亞崴,市,,,,,,,,,,,,,21.9,0.9,,,,,
1531,高林股,市,,,,,,,,,,,,,156,0.78,,,,,
1532,勤美,市,,,,,,,,,,,,,7.75,0.9,,,,,
1533,車王電,市,,,,,,,,,,,,,,1.91,,,,,
1535,中宇,市,,,,,,,,,,,,,14.5,2.14,,,,,
1536,和大,市,,,,,,,,,,,,,,2.01,,,,,
1537,廣隆,市,,,,,,,,,,,,,14.7,2.98,,,,,
1538,正峰,市,,,,,,,,,,,,,,5.09,,,,,
1539,巨庭,市,,,,,,,,,,,,,21.1,0.95,,,,,
1540,喬福,市,,,,,,,,,,,,,20.1,2.14,,,,,
1541,錩泰,市,,,,,,,,,,,,,19.3,1.1,,,,,
1558,伸興,市,,,,,,,,,,,,,16.9,1.25,,,,,
1560,中砂,市,,,,,,,,,,,,,46.3,6.49,,,,,
1563,巧新,市,,,,,,,,,,,,,17.7,1.45,,,,,
1568,倉佑,市,,,,,,,,,,,,,28.7,1.56,,,,,
1582,信錦,市,,,,,,,,,,,,,13.6,1.8,,,,,
1583,程泰,市,,,,,,,,,,,,,11.5,1.17,,,,,
1587,吉茂,市,,,,,,,,,,,,,,2.12,,,,,
1589,永冠-KY,市,,,,,,,,,,,,,,0.56,,,,,
1590,亞德客-KY,市,,,,,,,,,,,,,21.4,3.45,,,,,
1597,直得,市,,,,,,,,,,,,,132,3.32,,,,,
1598,岱宇,市,,,,,,,,,,,,,,1.07,,,,,
1603,華電,市,,,,,,,,,,,,,12.6,0.86,,,,,
1604,聲寶,市,,,,,,,,,,,,,13.8,1.23,,,,,
1605,華新,市,,,,,,,,,,,,,29.2,0.73,,,,,
1608,華榮,市,,,,,,,,,,,,,13.6,1.55,,,,,
1609,大亞,市,,,,,,,,,,,,,20.2,2.21,,,,,
1611,中電,市,,,,,,,,,,,,,32.6,1.28,,,,,
1612,宏泰,市,,,,,,,,,,,,,14.5,1.51,,,,,
1614,三洋電,市,,,,,,,,,,,,,56.3,1.86,,,,,
1615,大山,市,,,,,,,,,,,,,15.2,3.22,,,,,
1616,億泰,市,,,,,,,,,,,,,20.1,2.15,,,,,
1617,榮星,市,,,,,,,,,,,,,,1.34,,,,,
1618,合機,市,,,,,,,,,,,,,13,1.45,,,,,
1626,艾美特-KY,市,,,,,,,,,,,,,,0.72,,,,,
1702,南僑,市,,,,,,,,,,,,,11.2,1.11,,,,,
1707,葡萄王,市,,,,,,,,,,,,,15.8,2.32,,,,,
1708,東鹼,市,,,,,,,,,,,,,11.7,1.5,,,,,
1709,和益,市,,,,,,,,,,,,,14.9,1.11,,,,,
1710,東聯,市,,,,,,,,,,,,,,1.14,,,,,
1711,永光,市,,,,,,,,,,,,,64.9,1.44,,,,,
1712,興農,市,,,,,,,,,,,,,18.7,2.33,,,,,
1713,國化,市,,,,,,,,,,,,,14.2,2.2,,,,,
1714,和桐,市,,,,,,,,,,,,,18.6,0.67,,,,,
1717,長興,市,,,,,,,,,,,,,19.8,1.27,,,,,
1718,中纖,市,,,,,,,,,,,,,,0.5,,,,,
1720,生達,市,,,,,,,,,,,,,13.5,1.94,,,,,
1721,三晃,市,,,,,,,,,,,,,,1.69,,,,,
1722,台肥,市,,,,,,,,,,,,,31.4,0.98,,,,,
1723,中碳,市,,,,,,,,,,,,,17.8,2.76,,,,,
1725,元禎,市,,,,,,,,,,,,,23,1.35,,,,,
1726,永記,市,,,,,,,,,,,,,14.9,1.24,,,,,
1727,中華化,市,,,,,,,,,,,,,88.4,2.05,,,,,
1730,花仙子,市,,,,,,,,,,,,,14.2,1.79,,,,,
1731,美吾華,市,,,,,,,,,,,,,17.8,1.5,,,,,
1732,毛寶,市,,,,,,,,,,,,,148,2.43,,,,,
1733,五鼎,市,,,,,,,,,,,,,27.3,1.61,,,,,
1734,杏輝,市,,,,,,,,,,,,,16.7,1.75,,,,,
1735,日勝化,市,,,,,,,,,,,,,20.3,1.25,,,,,
1736,喬山,市,,,,,,,,,,,,,43.9,5.45,,,,,
1737,臺鹽,市,,,,,,,,,,,,,22,0.99,,,,,
1752,南光,市,,,,,,,,,,,,,35.8,1.88,,,,,
1760,寶齡富錦,市,,,,,,,,,,,,,61.1,3.96,,,,,
1762,中化生,市,,,,,,,,,,,,,29.8,0.87,,,,,
1773,勝一,市,,,,,,,,,,,,,24,4.52,,,,,
1776,展宇,市,,,,,,,,,,,,,19.9,1.25,,,,,
1783,和康生,市,,,,,,,,,,,,,26.4,3.09,,,,,
1786,科妍,市,,,,,,,,,,,,,29.1,3.53,,,,,
1789,神隆,市,,,,,,,,,,,,,46.2,1.78,,,,,
1795,美時,市,,,,,,,,,,,,,16.9,3.67,,,,,
1802,台玻,市,,,,,,,,,,,,,,1.16,,,,,
1805,寶徠,市,,,,,,,,,,,,,110,1.93,,,,,
1806,冠軍,市,,,,,,,,,,,,,46.8,0.72,,,,,
1808,潤隆,市,,,,,,,,,,,,,10.5,1.24,,,,,
1809,中釉,市,,,,,,,,,,,,,96.4,1.21,,,,,
1810,和成,市,,,,,,,,,,,,,55.8,0.77,,,,,
1817,凱撒衛,市,,,,,,,,,,,,,9.82,1.46,,,,,
1903,士紙,市,,,,,,,,,,,,,,2.39,,,,,
1904,正隆,市,,,,,,,,,,,,,25,0.81,,,,,
1905,華紙,市,,,,,,,,,,,,,224,1.22,,,,,
1906,寶隆,市,,,,,,,,,,,,,,0.53,,,,,
1907,永豐餘,市,,,,,,,,,,,,,32.2,0.76,,,,,
1909,榮成,市,,,,,,,,,,,,,,0.74,,,,,
2002,中鋼,市,,,,,,,,,,,,,81.3,1.05,,,,,
2002A,中鋼特,市,,,,,,,,,,,,,,,,,,,
2006,東和鋼鐵,市,,,,,,,,,,,,,11.1,1.65,,,,,
2007,燁興,市,,,,,,,,,,,,,,1.06,,,,,
2008,高興昌,市,,,,,,,,,,,,,92.9,1.69,,,,,
2009,第一銅,市,,,,,,,,,,,,,58.2,1.61,,,,,
2010,春源,市,,,,,,,,,,,,,11.9,1,,,,,
2012,春雨,市,,,,,,,,,,,,,18.5,1.66,,,,,
2013,中鋼構,市,,,,,,,,,,,,,18.1,1.98,,,,,
2014,中鴻,市,,,,,,,,,,,,,,1.87,,,,,
2015,豐興,市,,,,,,,,,,,,,17.4,1.98,,,,,
2017,官田鋼,市,,,,,,,,,,,,,36.8,0.85,,,,,
2020,美亞,市,,,,,,,,,,,,,6.61,1.74,,,,,
2022,聚亨,市,,,,,,,,,,,,,156,0.89,,,,,
2023,燁輝,市,,,,,,,,,,,,,,1.04,,,,,
2024,志聯,市,,,,,,,,,,,,,,1.76,,,,,
2025,千興,市,,,,,,,,,,,,,,1.96,,,,,
2027,大成鋼,市,,,,,,,,,,,,,28.2,1.12,,,,,
2028,威致,市,,,,,,,,,,,,,18.4,1.57,,,,,
2029,盛餘,市,,,,,,,,,,,,,13.9,0.8,,,,,
2030,彰源,市,,,,,,,,,,,,,28.2,0.98,,,,,
2031,新光鋼,市,,,,,,,,,,,,,8.53,1.32,,,,,
2032,新鋼,市,,,,,,,,,,,,,57.1,1.14,,,,,
2033,佳大,市,,,,,,,,,,,,,112,1.71,,,,,
2034,允強,市,,,,,,,,,,,,,,1.04,,,,,
2038,海光,市,,,,,,,,,,,,,339,0.83,,,,,
2049,上銀,市,,,,,,,,,,,,,43.1,2.35,,,,,
2059,川湖,市,,,,,,,,,,,,,33,7.85,,,,,
2062,橋椿,市,,,,,,,,,,,,,13.4,0.94,,,,,
2069,運錩,市,,,,,,,,,,,,,17.2,0.75,,,,,
2101,南港,市,,,,,,,,,,,,,13.1,3.09,,,,,
2102,泰豐,市,,,,,,,,,,,,,,1.43,,,,,
2103,台橡,市,,,,,,,,,,,,,15.9,0.9,,,,,
2104,國際中橡,市,,,,,,,,,,,,,,0.46,,,,,
2105,正新,市,,,,,,,,,,,,,19.8,1.88,,,,,
2106,建大,市,,,,,,,,,,,,,18.4,1.35,,,,,
2107,厚生,市,,,,,,,,,,,,,14.4,0.59,,,,,
2108,南帝,市,,,,,,,,,,,,,33.4,1.15,,,,,
2109,華豐,市,,,,,,,,,,,,,11.7,1.5,,,,,
2114,鑫永銓,市,,,,,,,,,,,,,17.6,2.48,,,,,
2115,六暉-KY,市,,,,,,,,,,,,,16.6,0.99,,,,,
2201,裕隆,市,,,,,,,,,,,,,13.1,0.95,,,,,
2204,中華,市,,,,,,,,,,,,,9.86,1.25,,,,,
2206,三陽工業,市,,,,,,,,,,,,,10.8,2.28,,,,,
2207,和泰車,市,,,,,,,,,,,,,16.8,4.75,,,,,
2208,台船,市,,,,,,,,,,,,,,1.98,,,,,
2211,長榮鋼,市,,,,,,,,,,,,,16.5,1.58,,,,,
2227,裕日車,市,,,,,,,,,,,,,19.9,1.45,,,,,
2228,劍麟,市,,,,,,,,,,,,,11.6,1.63,,,,,
2231,為升,市,,,,,,,,,,,,,66.4,3.41,,,,,
2233,宇隆,市,,,,,,,,,,,,,16.2,2.77,,,,,
2236,百達-KY,市,,,,,,,,,,,,,877,4.14,,,,,
2239,英利-KY,市,,,,,,,,,,,,,39.6,0.38,,,,,
2241,艾姆勒,市,,,,,,,,,,,,,,2.03,,,,,
2243,宏旭-KY,市,,,,,,,,,,,,,,1.81,,,,,
2247,汎德永業,市,,,,,,,,,,,,,12.6,1.83,,,,,
2250,IKKA-KY,市,,,,,,,,,,,,,14.3,1.49,,,,,
2254,巨鎧精密-創,市,,,,,,,,,,,,,,4.57,,,,,
2258,鴻華先進-創,市,,,,,,,,,,,,,,3.99,,,,,
2301,光寶科,市,,,,,,,,,,,,,19.4,2.8,,,,,
2302,麗正,市,,,,,,,,,,,,,45.9,1.82,,,,,
2303,聯電,市,,,,,,,,,,,,,10.4,1.48,,,,,
2305,全友,市,,,,,,,,,,,,,237,1.48,,,,,
2308,台達電,市,,,,,,,,,,,,,28,4.74,,,,,
2312,金寶,市,,,,,,,,,,,,,29.3,1.89,,,,,
2313,華通,市,,,,,,,,,,,,,13.5,1.73,,,,,
2314,台揚,市,,,,,,,,,,,,,,6.01,,,,,
2316,楠梓電,市,,,,,,,,,,,,,7.32,0.97,,,,,
2317,鴻海,市,,,,,,,,,,,,,17.2,1.72,,,,,
2321,東訊,市,,,,,,,,,,,,,,2.22,,,,,
2323,中環,市,,,,,,,,,,,,,10.7,0.68,,,,,
2324,仁寶,市,,,,,,,,,,,,,17,1.31,,,,,
2327,國巨,市,,,,,,,,,,,,,13.2,1.77,,,,,
2328,廣宇,市,,,,,,,,,,,,,19.3,1.41,,,,,
2329,華泰,市,,,,,,,,,,,,,15.8,2.38,,,,,
2330,台積電,市,,,,,,,,,,,,,26.6,6.92,,,,,
2331,精英,市,,,,,,,,,,,,,38.7,1.12,,,,,
2332,友訊,市,,,,,,,,,,,,,74.1,1.42,,,,,
2337,旺宏,市,,,,,,,,,,,,,,0.92,,,,,
2338,光罩,市,,,,,,,,,,,,,30.6,2.22,,,,,
2340,台亞,市,,,,,,,,,,,,,,1.7,,,,,
2342,茂矽,市,,,,,,,,,,,,,,2.36,,,,,
2344,華邦電,市,,,,,,,,,,,,,80.8,0.74,,,,,
2345,智邦,市,,,,,,,,,,,,,40.5,13.5,,,,,
2347,聯強,市,,,,,,,,,,,,,14.8,1.67,,,,,
2348,海悅,市,,,,,,,,,,,,,9.21,3.89,,,,,
2348A,海悅甲特,市,,,,,,,,,,,,,,,,,,,
2349,錸德,市,,,,,,,,,,,,,,1.88,,,,,
2351,順德,市,,,,,,,,,,,,,27.6,2.6,,,,,
2352,佳世達,市,,,,,,,,,,,,,31,2.02,,,,,
2353,宏碁,市,,,,,,,,,,,,,22.5,1.54,,,,,
2354,鴻準,市,,,,,,,,,,,,,32.9,1.12,,,,,
2355,敬鵬,市,,,,,,,,,,,,,13.8,0.91,,,,,
2356,英業達,市,,,,,,,,,,,,,26.2,2.69,,,,,
2357,華碩,市,,,,,,,,,,,,,13.2,1.67,,,,,
2359,所羅門,市,,,,,,,,,,,,,,4.27,,,,,
2360,致茂,市,,,,,,,,,,,,,39.4,7.84,,,,,
2362,藍天,市,,,,,,,,,,,,,22.3,0.77,,,,,
2363,矽統,市,,,,,,,,,,,,,119,2.08,,,,,
2364,倫飛,市,,,,,,,,,,,,,22.5,5.75,,,,,
2365,昆盈,市,,,,,,,,,,,,,78.9,3,,,,,
2367,燿華,市,,,,,,,,,,,,,22.5,1.91,,,,,
2368,金像電,市,,,,,,,,,,,,,17.4,4.76,,,,,
2369,菱生,市,,,,,,,,,,,,,,1.3,,,,,
2371,大同,市,,,,,,,,,,,,,13.6,1.76,,,,,
2373,震旦行,市,,,,,,,,,,,,,15,2.01,,,,,
2374,佳能,市,,,,,,,,,,,,,28.8,2.04,,,,,
2375,凱美,市,,,,,,,,,,,,,27.6,0.91,,,,,
2376,技嘉,市,,,,,,,,,,,,,22,3.71,,,,,
2377,微星,市,,,,,,,,,,,,,20.9,2.81,,,,,
2379,瑞昱,市,,,,,,,,,,,,,19.1,5.6,,,,,
2380,虹光,市,,,,,,,,,,,,,,2.26,,,,,
2382,廣達,市,,,,,,,,,,,,,21.2,5.69,,,,,
2383,台光電,市,,,,,,,,,,,,,20.6,5.73,,,,,
2385,群光,市,,,,,,,,,,,,,12.6,2.48,,,,,
2387,精元,市,,,,,,,,,,,,,9.86,1.21,,,,,
2388,威盛,市,,,,,,,,,,,,,73.8,2.93,,,,,
2390,云辰,市,,,,,,,,,,,,,,1.03,,,,,
2392,正崴,市,,,,,,,,,,,,,21.2,1.41,,,,,
2393,億光,市,,,,,,,,,,,,,15.5,1.8,,,,,
2395,研華,市,,,,,,,,,,,,,35.5,6.36,,,,,
2397,友通,市,,,,,,,,,,,,,30,2.85,,,,,
2399,映泰,市,,,,,,,,,,,,,,2.68,,,,,
2401,凌陽,市,,,,,,,,,,,,,,1.94,,,,,
2402,毅嘉,市,,,,,,,,,,,,,19,1.81,,,,,
2404,漢唐,市,,,,,,,,,,,,,16.5,6.78,,,,,
2405,輔信,市,,,,,,,,,,,,,552,2.06,,,,,
2406,國碩,市,,,,,,,,,,,,,,1.47,,,,,
2408,南亞科,市,,,,,,,,,,,,,,0.62,,,,,
2409,友達,市,,,,,,,,,,,,,,0.8,,,,,
2412,中華電,市,,,,,,,,,,,,,26.4,2.58,,,,,
2413,環科,市,,,,,,,,,,,,,,1.79,,,,,
2414,精技,市,,,,,,,,,,,,,15.5,2.07,,,,,
2415,錩新,市,,,,,,,,,,,,,22.3,1.57,,,,,
2417,圓剛,市,,,,,,,,,,,,,,1.88,,,,,
2419,仲琦,市,,,,,,,,,,,,,,2.09,,,,,
2420,新巨,市,,,,,,,,,,,,,16.2,2.7,,,,,
2421,建準,市,,,,,,,,,,,,,21.9,3.8,,,,,
2423,固緯,市,,,,,,,,,,,,,16.7,2.32,,,,,
2424,隴華,市,,,,,,,,,,,,,,13.8,,,,,
2425,承啟,市,,,,,,,,,,,,,330,1.62,,,,,
2426,鼎元,市,,,,,,,,,,,,,70.4,1.84,,,,,
2427,三商電,市,,,,,,,,,,,,,20.9,1.8,,,,,
2428,興勤,市,,,,,,,,,,,,,13.5,2.03,,,,,
2429,銘旺科,市,,,,,,,,,,,,,,2.78,,,,,
2430,燦坤,市,,,,,,,,,,,,,19.8,0.83,,,,,
2431,聯昌,市,,,,,,,,,,,,,,1.26,,,,,
2432,倚天酷碁-創,市,,,,,,,,,,,,,15.4,1.67,,,,,
2433,互盛電,市,,,,,,,,,,,,,15.5,1.99,,,,,
2434,統懋,市,,,,,,,,,,,,,45.7,2.35,,,,,
2436,偉詮電,市,,,,,,,,,,,,,52.8,3.3,,,,,
2438,翔耀,市,,,,,,,,,,,,,,4.62,,,,,
2439,美律,市,,,,,,,,,,,,,12.5,1.59,,,,,
2440,太空梭,市,,,,,,,,,,,,,,1.42,,,,,
2441,超豐,市,,,,,,,,,,,,,14.1,1.52,,,,,
2442,新美齊,市,,,,,,,,,,,,,14.1,1.53,,,,,
2444,兆勁,市,,,,,,,,,,,,,,1.89,,,,,
2449,京元電子,市,,,,,,,,,,,,,21,3.68,,,,,
2450,神腦,市,,,,,,,,,,,,,19.2,1.43,,,,,
2451,創見,市,,,,,,,,,,,,,16.9,2.1,,,,,
2453,凌群,市,,,,,,,,,,,,,20.5,2.93,,,,,
2454,聯發科,市,,,,,,,,,,,,,19.2,5.01,,,,,
2455,全新,市,,,,,,,,,,,,,42.5,9.65,,,,,
2457,飛宏,市,,,,,,,,,,,,,84.5,1.84,,,,,
2458,義隆,市,,,,,,,,,,,,,16.3,4.84,,,,,
2459,敦吉,市,,,,,,,,,,,,,12.3,1.34,,,,,
2460,建通,市,,,,,,,,,,,,,,2.03,,,,,
2461,光群雷,市,,,,,,,,,,,,,12.8,1.1,,,,,
2462,良得電,市,,,,,,,,,,,,,22.9,1.36,,,,,
2464,盟立,市,,,,,,,,,,,,,76,3.29,,,,,
2465,麗臺,市,,,,,,,,,,,,,,9.23,,,,,
2466,冠西電,市,,,,,,,,,,,,,,3.21,,,,,
2467,志聖,市,,,,,,,,,,,,,49.4,6.45,,,,,
2468,華經,市,,,,,,,,,,,,,28.3,1.49,,,,,
2471,資通,市,,,,,,,,,,,,,21.5,3.22,,,,,
2472,立隆電,市,,,,,,,,,,,,,13.6,1.86,,,,,
2474,可成,市,,,,,,,,,,,,,15.3,0.79,,,,,
2476,鉅祥,市,,,,,,,,,,,,,19.4,2.37,,,,,
2477,美隆電,市,,,,,,,,,,,,,20.5,1.17,,,,,
2478,大毅,市,,,,,,,,,,,,,19.7,1.03,,,,,
2480,敦陽科,市,,,,,,,,,,,,,19,4.66,,,,,
2481,強茂,市,,,,,,,,,,,,,23.4,1.45,,,,,
2482,連宇,市,,,,,,,,,,,,,44.9,1.7,,,,,
2483,百容,市,,,,,,,,,,,,,73.3,0.93,,,,,
2484,希華,市,,,,,,,,,,,,,37.4,1.19,,,,,
2485,兆赫,市,,,,,,,,,,,,,,0.95,,,,,
2486,一詮,市,,,,,,,,,,,,,420,5.3,,,,,
2488,漢平,市,,,,,,,,,,,,,12,1.73,,,,,
2489,瑞軒,市,,,,,,,,,,,,,13.6,0.99,,,,,
2491,吉祥全,市,,,,,,,,,,,,,,1.3,,,,,
2492,華新科,市,,,,,,,,,,,,,25.8,0.98,,,,,
2493,揚博,市,,,,,,,,,,,,,17.6,3.99,,,,,
2495,普安,市,,,,,,,,,,,,,20.4,2.11,,,,,
2496,卓越,市,,,,,,,,,,,,,11.8,1.75,,,,,
2497,怡利電,市,,,,,,,,,,,,,26.1,3.25,,,,,
2498,宏達電,市,,,,,,,,,,,,,,1.68,,,,,
2501,國建,市,,,,,,,,,,,,,12.6,1.08,,,,,
2504,國產,市,,,,,,,,,,,,,13,2.42,,,,,
2505,國揚,市,,,,,,,,,,,,,32.7,0.85,,,,,
2506,太設,市,,,,,,,,,,,,,5.04,0.54,,,,,
2509,全坤建,市,,,,,,,,,,,,,219,0.94,,,,,
2511,太子,市,,,,,,,,,,,,,47.4,0.7,,,,,
2514,龍邦,市,,,,,,,,,,,,,5.38,0.62,,,,,
2515,中工,市,,,,,,,,,,,,,24.6,0.77,,,,,
2516,新建,市,,,,,,,,,,,,,23.3,1.76,,,,,
2520,冠德,市,,,,,,,,,,,,,6.22,1.44,,,,,
2524,京城,市,,,,,,,,,,,,,24,1.45,,,,,
2527,宏璟,市,,,,,,,,,,,,,33,0.88,,,,,
2528,皇普,市,,,,,,,,,,,,,,3.1,,,,,
2530,華建,市,,,,,,,,,,,,,19,3.24,,,,,
2534,宏盛,市,,,,,,,,,,,,,,0.92,,,,,
2535,達欣工,市,,,,,,,,,,,,,11.4,1.51,,,,,
2536,宏普,市,,,,,,,,,,,,,19.1,0.94,,,,,
2537,聯上發,市,,,,,,,,,,,,,25.1,1.03,,,,,
2538,基泰,市,,,,,,,,,,,,,,1.23,,,,,
2539,櫻花建,市,,,,,,,,,,,,,44.2,4.51,,,,,
2540,愛山林,市,,,,,,,,,,,,,23.6,4.79,,,,,
2542,興富發,市,,,,,,,,,,,,,32.1,1.8,,,,,
2543,皇昌,市,,,,,,,,,,,,,13.1,3.7,,,,,
2545,皇翔,市,,,,,,,,,,,,,7.42,1.85,,,,,
2546,根基,市,,,,,,,,,,,,,11.8,1.91,,,,,
2547,日勝生,市,,,,,,,,,,,,,,0.91,,,,,
2548,華固,市,,,,,,,,,,,,,12.2,1.81,,,,,
2597,潤弘,市,,,,,,,,,,,,,15.1,4.55,,,,,
2601,益航,市,,,,,,,,,,,,,,0.7,,,,,
2603,長榮,市,,,,,,,,,,,,,4.37,0.91,,,,,
2605,新興,市,,,,,,,,,,,,,11,0.9,,,,,
2606,裕民,市,,,,,,,,,,,,,10.6,1.28,,,,,
2607,榮運,市,,,,,,,,,,,,,14,0.98,,,,,
2608,嘉里大榮,市,,,,,,,,,,,,,16.7,1.54,,,,,
2609,陽明,市,,,,,,,,,,,,,5.24,0.81,,,,,
2610,華航,市,,,,,,,,,,,,,15.5,1.93,,,,,
2611,志信,市,,,,,,,,,,,,,7.53,1.39,,,,,
2612,中航,市,,,,,,,,,,,,,17.8,0.66,,,,,
2613,中櫃,市,,,,,,,,,,,,,26.4,1.36,,,,,
2614,東森,市,,,,,,,,,,,,,,1.52,,,,,
2615,萬海,市,,,,,,,,,,,,,7.66,0.98,,,,,
2616,山隆,市,,,,,,,,,,,,,,0.62,,,,,
2617,台航,市,,,,,,,,,,,,,10.4,0.74,,,,,
2618,長榮航,市,,,,,,,,,,,,,9.11,2.08,,,,,
2630,亞航,市,,,,,,,,,,,,,46.4,1.95,,,,,
2633,台灣高鐵,市,,,,,,,,,,,,,20.1,2.26,,,,,
2634,漢翔,市,,,,,,,,,,,,,21.4,2.32,,,,,
2636,台驊控股,市,,,,,,,,,,,,,9.78,1.17,,,,,
2637,慧洋-KY,市,,,,,,,,,,,,,8.64,1.11,,,,,
2642,宅配通,市,,,,,,,,,,,,,74.3,1.64,,,,,
2645,長榮航太,市,,,,,,,,,,,,,21,2.79,,,,,
2646,星宇航空,市,,,,,,,,,,,,,49,3.52,,,,,
2701,萬企,市,,,,,,,,,,,,,21.1,0.68,,,,,
2702,華園,市,,,,,,,,,,,,,,0.8,,,,,
2704,國賓,市,,,,,,,,,,,,,19.9,0.7,,,,,
2705,六福,市,,,,,,,,,,,,,75.2,0.7,,,,,
2706,第一店,市,,,,,,,,,,,,,21.9,0.73,,,,,
2707,晶華,市,,,,,,,,,,,,,18,5.91,,,,,
2712,遠雄來,市,,,,,,,,,,,,,,2.44,,,,,
2722,夏都,市,,,,,,,,,,,,,168,2.09,,,,,
2723,美食-KY,市,,,,,,,,,,,,,41.8,1.53,,,,,
2727,王品,市,,,,,,,,,,,,,15.1,4.56,,,,,
2731,雄獅,市,,,,,,,,,,,,,7.64,3.06,,,,,
2739,寒舍,市,,,,,,,,,,,,,8.06,3.15,,,,,
2748,雲品,市,,,,,,,,,,,,,22,2.35,,,,,
2753,八方雲集,市,,,,,,,,,,,,,17.3,2.91,,,,,
2762,世界健身-KY,市,,,,,,,,,,,,,26.5,3.1,,,,,
2801,彰銀,市,,,,,,,,,,,,,14.4,1,,,,,
2809,京城銀,市,,,,,,,,,,,,,9.79,1.01,,,,,
2812,台中銀,市,,,,,,,,,,,,,12.7,1.28,,,,,
2816,旺旺保,市,,,,,,,,,,,,,7.28,1.05,,,,,
2820,華票,市,,,,,,,,,,,,,15.9,0.81,,,,,
2832,台產,市,,,,,,,,,,,,,9.56,0.88,,,,,
2834,臺企銀,市,,,,,,,,,,,,,12.5,1.06,,,,,
2836,高雄銀,市,,,,,,,,,,,,,22.1,0.86,,,,,
2836A,高雄銀甲特,市,,,,,,,,,,,,,,,,,,,
2838,聯邦銀,市,,,,,,,,,,,,,12.7,0.88,,,,,
2838A,聯邦銀甲特,市,,,,,,,,,,,,,,,,,,,
2845,遠東銀,市,,,,,,,,,,,,,13.8,0.98,,,,,
2849,安泰銀,市,,,,,,,,,,,,,19.6,0.83,,,,,
2850,新產,市,,,,,,,,,,,,,10.1,1.76,,,,,
2851,中再保,市,,,,,,,,,,,,,7.94,1.03,,,,,
2852,第一保,市,,,,,,,,,,,,,8.5,0.89,,,,,
2855,統一證,市,,,,,,,,,,,,,9.89,1.16,,,,,
2867,三商壽,市,,,,,,,,,,,,,,0.82,,,,,
2880,華南金,市,,,,,,,,,,,,,16.6,1.71,,,,,
2881,富邦金,市,,,,,,,,,,,,,10.5,1.49,,,,,
2881A,富邦特,市,,,,,,,,,,,,,,,,,,,
2881B,富邦金乙特,市,,,,,,,,,,,,,,,,,,,
2881C,富邦金丙特,市,,,,,,,,,,,,,,,,,,,
2882,國泰金,市,,,,,,,,,,,,,10.7,1.21,,,,,
2882A,國泰特,市,,,,,,,,,,,,,,,,,,,
2882B,國泰金乙特,市,,,,,,,,,,,,,,,,,,,
2883,凱基金,市,,,,,,,,,,,,,9.86,1.08,,,,,
2883B,凱基金乙特,市,,,,,,,,,,,,,,,,,,,
2884,玉山金,市,,,,,,,,,,,,,16.4,1.78,,,,,
2885,元大金,市,,,,,,,,,,,,,15,1.45,,,,,
2886,兆豐金,市,,,,,,,,,,,,,16.6,1.64,,,,,
2887,台新金,市,,,,,,,,,,,,,11.5,1.09,,,,,
2887E,台新戊特,市,,,,,,,,,,,,,,,,,,,
2887F,台新戊特二,市,,,,,,,,,,,,,,,,,,,
2887Z1,台新己特,市,,,,,,,,,,,,,,,,,,,
2888,新光金,市,,,,,,,,,,,,,14.5,0.74,,,,,
2888A,新光金甲特,市,,,,,,,,,,,,,,,,,,,
2888B,新光金乙特,市,,,,,,,,,,,,,,,,,,,
2889,國票金,市,,,,,,,,,,,,,25,1.25,,,,,
2890,永豐金,市,,,,,,,,,,,,,13.8,1.52,,,,,
2891,中信金,市,,,,,,,,,,,,,11.5,1.63,,,,,
2891B,中信金乙特,市,,,,,,,,,,,,,,,,,,,
2891C,中信金丙特,市,,,,,,,,,,,,,,,,,,,
2892,第一金,市,,,,,,,,,,,,,16.3,1.48,,,,,
2897,王道銀行,市,,,,,,,,,,,,,10.4,0.73,,,,,
2897B,王道銀乙特,市,,,,,,,,,,,,,,,,,,,
2901,欣欣,市,,,,,,,,,,,,,63.4,2.27,,,,,
2903,遠百,市,,,,,,,,,,,,,16.7,1.1,,,,,
2904,匯僑,市,,,,,,,,,,,,,18.8,1.13,,,,,
2905,三商,市,,,,,,,,,,,,,,0.95,,,,,
2906,高林,市,,,,,,,,,,,,,35.2,1.08,,,,,
2908,特力,市,,,,,,,,,,,,,35.3,1.46,,,,,
2910,統領,市,,,,,,,,,,,,,22.1,1.72,,,,,
2911,麗嬰房,市,,,,,,,,,,,,,,1.68,,,,,
2912,統一超,市,,,,,,,,,,,,,24.6,7.27,,,,,
2913,農林,市,,,,,,,,,,,,,,1.33,,,,,
2915,潤泰全,市,,,,,,,,,,,,,10.3,0.78,,,,,
2923,鼎固-KY,市,,,,,,,,,,,,,74.5,1.06,,,,,
2929,淘帝-KY,市,,,,,,,,,,,,,,0.59,,,,,
2939,永邑-KY,市,,,,,,,,,,,,,,2.12,,,,,
2945,三商家購,市,,,,,,,,,,,,,21,1.5,,,,,
3002,歐格,市,,,,,,,,,,,,,86.8,1.14,,,,,
3003,健和興,市,,,,,,,,,,,,,22,1.85,,,,,
3004,豐達科,市,,,,,,,,,,,,,13.8,1.97,,,,,
3005,神基,市,,,,,,,,,,,,,15.4,2.91,,,,,
3006,晶豪科,市,,,,,,,,,,,,,,1.71,,,,,
3008,大立光,市,,,,,,,,,,,,,14.9,1.9,,,,,
3010,華立,市,,,,,,,,,,,,,14.7,1.46,,,,,
3011,今皓,市,,,,,,,,,,,,,,1.79,,,,,
3013,晟銘電,市,,,,,,,,,,,,,57.1,7.25,,,,,
3014,聯陽,市,,,,,,,,,,,,,14.4,3.78,,,,,
3015,全漢,市,,,,,,,,,,,,,31.6,0.78,,,,,
3016,嘉晶,市,,,,,,,,,,,,,53.7,2.99,,,,,
3017,奇鋐,市,,,,,,,,,,,,,36.4,10.3,,,,,
3018,隆銘綠能,市,,,,,,,,,,,,,,2.87,,,,,
3019,亞光,市,,,,,,,,,,,,,20.1,2.2,,,,,
3021,鴻名,市,,,,,,,,,,,,,20.5,1.83,,,,,
3022,威強電,市,,,,,,,,,,,,,12,1.37,,,,,
3023,信邦,市,,,,,,,,,,,,,18.6,4.34,,,,,
3024,憶聲,市,,,,,,,,,,,,,82.9,2.04,,,,,
3025,星通,市,,,,,,,,,,,,,17.9,5.44,,,,,
3026,禾伸堂,市,,,,,,,,,,,,,18.2,1.53,,,,,
3027,盛達,市,,,,,,,,,,,,,,1.82,,,,,
3028,增你強,市,,,,,,,,,,,,,22.7,1.21,,,,,
3029,零壹,市,,,,,,,,,,,,,29.3,4.61,,,,,
3030,德律,市,,,,,,,,,,,,,18.9,3.86,,,,,
3031,佰鴻,市,,,,,,,,,,,,,15.6,1.25,,,,,
3032,偉訓,市,,,,,,,,,,,,,17.9,3.23,,,,,
3033,威健,市,,,,,,,,,,,,,13.8,1.59,,,,,
3034,聯詠,市,,,,,,,,,,,,,14.2,4.68,,,,,
3035,智原,市,,,,,,,,,,,,,52.3,4.55,,,,,
3036,文曄,市,,,,,,,,,,,,,15.8,1.52,,,,,
3036A,文曄甲特,市,,,,,,,,,,,,,,,,,,,
3037,欣興,市,,,,,,,,,,,,,29.1,2.49,,,,,
3038,全台,市,,,,,,,,,,,,,12,1.53,,,,,
3040,遠見,市,,,,,,,,,,,,,64.1,2.04,,,,,
3041,揚智,市,,,,,,,,,,,,,,2.51,,,,,
3042,晶技,市,,,,,,,,,,,,,16.8,2.29,,,,,
3043,科風,市,,,,,,,,,,,,,,2.73,,,,,
3044,健鼎,市,,,,,,,,,,,,,12.7,2.15,,,,,
3045,台灣大,市,,,,,,,,,,,,,24.6,4.2,,,,,
3046,建碁,市,,,,,,,,,,,,,14,2.77,,,,,
3047,訊舟,市,,,,,,,,,,,,,164,2.7,,,,,
3048,益登,市,,,,,,,,,,,,,,1.91,,,,,
3049,精金,市,,,,,,,,,,,,,,1.03,,,,,
3050,鈺德,市,,,,,,,,,,,,,32.7,1.13,,,,,
3051,力特,市,,,,,,,,,,,,,17.6,2.17,,,,,
3052,夆典,市,,,,,,,,,,,,,12.1,0.73,,,,,
3054,立萬利,市,,,,,,,,,,,,,,2.5,,,,,
3055,蔚華科,市,,,,,,,,,,,,,,3.46,,,,,
3056,富華新,市,,,,,,,,,,,,,,1.9,,,,,
3057,喬鼎,市,,,,,,,,,,,,,,1.66,,,,,
3058,立德,市,,,,,,,,,,,,,,1.73,,,,,
3059,華晶科,市,,,,,,,,,,,,,27.5,0.96,,,,,
3060,銘異,市,,,,,,,,,,,,,,1.2,,,,,
3062,建漢,市,,,,,,,,,,,,,,2.28,,,,,
3090,日電貿,市,,,,,,,,,,,,,18.5,2.48,,,,,
3092,鴻碩,市,,,,,,,,,,,,,,1.62,,,,,
3094,聯傑,市,,,,,,,,,,,,,214,2.49,,,,,
3130,一零四,市,,,,,,,,,,,,,15.7,4.6,,,,,
3138,耀登,市,,,,,,,,,,,,,36.8,2.65,,,,,
3149,正達,市,,,,,,,,,,,,,,2.81,,,,,
3150,鈺寶-創,市,,,,,,,,,,,,,89.5,2.15,,,,,
3164,景岳,市,,,,,,,,,,,,,32.5,1.29,,,,,
3167,大量,市,,,,,,,,,,,,,129,3.76,,,,,
3168,眾福科,市,,,,,,,,,,,,,16.6,1.96,,,,,
3189,景碩,市,,,,,,,,,,,,,65.5,1.37,,,,,
3209,全科,市,,,,,,,,,,,,,12.4,1.72,,,,,
3229,晟鈦,市,,,,,,,,,,,,,,2.08,,,,,
3231,緯創,市,,,,,,,,,,,,,21.9,2.79,,,,,
3257,虹冠電,市,,,,,,,,,,,,,21.8,2.96,,,,,
3266,昇陽,市,,,,,,,,,,,,,15.3,1.19,,,,,
3296,勝德,市,,,,,,,,,,,,,,2.51,,,,,
3305,昇貿,市,,,,,,,,,,,,,23.8,1.78,,,,,
3308,聯德,市,,,,,,,,,,,,,,1.41,,,,,
3311,閎暉,市,,,,,,,,,,,,,64,0.93,,,,,
3312,弘憶股,市,,,,,,,,,,,,,27.9,3.36,,,,,
3321,同泰,市,,,,,,,,,,,,,,3.37,,,,,
3338,泰碩,市,,,,,,,,,,,,,24.9,3.16,,,,,
3346,麗清,市,,,,,,,,,,,,,14.3,1.28,,,,,
3356,奇偶,市,,,,,,,,,,,,,10.2,2.25,,,,,
3376,新日興,市,,,,,,,,,,,,,30.7,2.25,,,,,
3380,明泰,市,,,,,,,,,,,,,55.4,1.98,,,,,
3406,玉晶光,市,,,,,,,,,,,,,10.9,2.1,,,,,
3413,京鼎,市,,,,,,,,,,,,,14.1,2.36,,,,,
3416,融程電,市,,,,,,,,,,,,,24,3.88,,,,,
3419,譁裕,市,,,,,,,,,,,,,,1.82,,,,,
3432,台端,市,,,,,,,,,,,,,,2.22,,,,,
3437,榮創,市,,,,,,,,,,,,,,1.37,,,,,
3443,創意,市,,,,,,,,,,,,,49.3,15.7,,,,,
3447,展達,市,,,,,,,,,,,,,,4.5,,,,,
3450,聯鈞,市,,,,,,,,,,,,,139,8.87,,,,,
3454,晶睿,市,,,,,,,,,,,,,52.3,3.24,,,,,
3481,群創,市,,,,,,,,,,,,,,0.57,,,,,
3494,誠研,市,,,,,,,,,,,,,,2.8,,,,,
3501,維熹,市,,,,,,,,,,,,,12.7,1.1,,,,,
3504,揚明光,市,,,,,,,,,,,,,,2.33,,,,,
3515,華擎,市,,,,,,,,,,,,,24.4,3.56,,,,,
3518,柏騰,市,,,,,,,,,,,,,,1.76,,,,,
3528,安馳,市,,,,,,,,,,,,,13.6,1.82,,,,,
3530,晶相光,市,,,,,,,,,,,,,,2.81,,,,,
3532,台勝科,市,,,,,,,,,,,,,28.4,1.8,,,,,
3533,嘉澤,市,,,,,,,,,,,,,28.6,6.62,,,,,
3535,晶彩科,市,,,,,,,,,,,,,165,3.43,,,,,
3543,州巧,市,,,,,,,,,,,,,,0.74,,,,,
3545,敦泰,市,,,,,,,,,,,,,39.6,1.96,,,,,
3550,聯穎,市,,,,,,,,,,,,,,1.15,,,,,
3557,嘉威,市,,,,,,,,,,,,,11.6,2.38,,,,,
3563,牧德,市,,,,,,,,,,,,,196,5.23,,,,,
3576,聯合再生,市,,,,,,,,,,,,,,1.54,,,,,
3583,辛耘,市,,,,,,,,,,,,,41.5,7.57,,,,,
3588,通嘉,市,,,,,,,,,,,,,32.2,2.52,,,,,
3591,艾笛森,市,,,,,,,,,,,,,34.7,1.31,,,,,
3592,瑞鼎,市,,,,,,,,,,,,,14,2.5,,,,,
3593,力銘,市,,,,,,,,,,,,,,1.97,,,,,
3596,智易,市,,,,,,,,,,,,,15.3,2.55,,,,,
3605,宏致,市,,,,,,,,,,,,,68,1.29,,,,,
3607,谷崧,市,,,,,,,,,,,,,,1.44,,,,,
3617,碩天,市,,,,,,,,,,,,,17.4,3.76,,,,,
3622,洋華,市,,,,,,,,,,,,,14.1,1.49,,,,,
3645,達邁,市,,,,,,,,,,,,,44,1.93,,,,,
3652,精聯,市,,,,,,,,,,,,,46.3,1.58,,,,,
3653,健策,市,,,,,,,,,,,,,76.1,16.1,,,,,
3661,世芯-KY,市,,,,,,,,,,,,,35.3,5.8,,,,,
3665,貿聯-KY,市,,,,,,,,,,,,,35.7,3.92,,,,,
3669,圓展,市,,,,,,,,,,,,,19,1.13,,,,,
3673,TPK-KY,市,,,,,,,,,,,,,24.9,0.43,,,,,
3679,新至陞,市,,,,,,,,,,,,,14.8,1.8,,,,,
3686,達能,市,,,,,,,,,,,,,,2.28,,,,,
3694,海華,市,,,,,,,,,,,,,22.1,2.65,,,,,
3701,大眾控,市,,,,,,,,,,,,,1298,1.93,,,,,
3702,大聯大,市,,,,,,,,,,,,,12.9,1.52,,,,,
3702A,大聯大甲特,市,,,,,,,,,,,,,,,,,,,
3703,欣陸,市,,,,,,,,,,,,,14.1,0.89,,,,,
3704,合勤控,市,,,,,,,,,,,,,51.4,1.65,,,,,
3705,永信,市,,,,,,,,,,,,,14.5,1.95,,,,,
3706,神達,市,,,,,,,,,,,,,32.3,1.76,,,,,
3708,上緯投控,市,,,,,,,,,,,,,51.1,1.31,,,,,
3711,日月光投控,市,,,,,,,,,,,,,21.2,2.24,,,,,
3712,永崴投控,市,,,,,,,,,,,,,15.2,1.65,,,,,
3714,富采,市,,,,,,,,,,,,,,0.77,,,,,
3715,定穎投控,市,,,,,,,,,,,,,15.4,2.25,,,,,
3716,中化控股,市,,,,,,,,,,,,,,0.75,,,,,
4104,佳醫,市,,,,,,,,,,,,,18.5,1.62,,,,,
4106,雃博,市,,,,,,,,,,,,,26.5,1.04,,,,,
4108,懷特,市,,,,,,,,,,,,,,1.77,,,,,
4119,旭富,市,,,,,,,,,,,,,24,2.14,,,,,
4133,亞諾法,市,,,,,,,,,,,,,29.8,1.35,,,,,
4137,麗豐-KY,市,,,,,,,,,,,,,13.2,1.73,,,,,
4142,國光生,市,,,,,,,,,,,,,,1.72,,,,,
4148,全宇生技-KY,市,,,,,,,,,,,,,31.8,1.23,,,,,
4155,訊映,市,,,,,,,,,,,,,137,1.32,,,,,
4164,承業醫,市,,,,,,,,,,,,,21.3,1.1,,,,,
4190,佐登-KY,市,,,,,,,,,,,,,,1.58,,,,,
4306,炎洲,市,,,,,,,,,,,,,11.2,0.9,,,,,
4414,如興,市,,,,,,,,,,,,,,0.79,,,,,
4426,利勤,市,,,,,,,,,,,,,,0.91,,,,,
4438,廣越,市,,,,,,,,,,,,,28.3,1.28,,,,,
4439,冠星-KY,市,,,,,,,,,,,,,24.6,1.15,,,,,
4440,宜新實業,市,,,,,,,,,,,,,14.9,1.27,,,,,
4526,東台,市,,,,,,,,,,,,,,1.62,,,,,
4532,瑞智,市,,,,,,,,,,,,,14.8,1.28,,,,,
4536,拓凱,市,,,,,,,,,,,,,13.7,2.15,,,,,
4540,全球傳動,市,,,,,,,,,,,,,,1.29,,,,,
4545,銘鈺,市,,,,,,,,,,,,,25.5,2.02,,,,,
4551,智伸科,市,,,,,,,,,,,,,22.7,1.61,,,,,
4552,力達-KY,市,,,,,,,,,,,,,12,0.48,,,,,
4555,氣立,市,,,,,,,,,,,,,,0.93,,,,,
4557,永新-KY,市,,,,,,,,,,,,,14.6,2.69,,,,,
4560,強信-KY,市,,,,,,,,,,,,,21.2,1.26,,,,,
4562,穎漢,市,,,,,,,,,,,,,,5.62,,,,,
4564,元翎,市,,,,,,,,,,,,,,1.11,,,,,
4566,時碩工業,市,,,,,,,,,,,,,28,1.64,,,,,
4569,六方科-KY,市,,,,,,,,,,,,,34.2,2.28,,,,,
4571,鈞興-KY,市,,,,,,,,,,,,,21.4,3.14,,,,,
4572,駐龍,市,,,,,,,,,,,,,23.2,2.99,,,,,
4576,大銀微系統,市,,,,,,,,,,,,,498,3.77,,,,,
4581,光隆精密-KY,市,,,,,,,,,,,,,11.1,1.68,,,,,
4583,台灣精銳,市,,,,,,,,,,,,,52.2,5.39,,,,,
4588,玖鼎電力,市,,,,,,,,,,,,,22.9,4.07,,,,,
4720,德淵,市,,,,,,,,,,,,,17,1.36,,,,,
4722,國精化,市,,,,,,,,,,,,,19.8,1.51,,,,,
4736,泰博,市,,,,,,,,,,,,,15.9,1.63,,,,,
4737,華廣,市,,,,,,,,,,,,,,2.26,,,,,
4739,康普,市,,,,,,,,,,,,,61.3,1.31,,,,,
4746,台耀,市,,,,,,,,,,,,,23.4,1.19,,,,,
4755,三福化,市,,,,,,,,,,,,,31.8,3.22,,,,,
4763,材料-KY,市,,,,,,,,,,,,,12,6.69,,,,,
4764,雙鍵,市,,,,,,,,,,,,,,1.75,,,,,
4766,南寶,市,,,,,,,,,,,,,15.1,2.89,,,,,
4770,上品,市,,,,,,,,,,,,,15.2,3.24,,,,,
4771,望隼,市,,,,,,,,,,,,,14.7,3.09,,,,,
4807,日成-KY,市,,,,,,,,,,,,,,1.01,,,,,
4904,遠傳,市,,,,,,,,,,,,,26.8,3.69,,,,,
4906,正文,市,,,,,,,,,,,,,42.7,1.21,,,,,
4912,聯德控股-KY,市,,,,,,,,,,,,,18.7,2.16,,,,,
4915,致伸,市,,,,,,,,,,,,,13.9,2.03,,,,,
4916,事欣科,市,,,,,,,,,,,,,,1.57,,,,,
4919,新唐,市,,,,,,,,,,,,,42.1,2.58,,,,,
4927,泰鼎-KY,市,,,,,,,,,,,,,,1.16,,,,,
4930,燦星網,市,,,,,,,,,,,,,12.1,0.75,,,,,
4934,太極,市,,,,,,,,,,,,,,1.58,,,,,
4935,茂林-KY,市,,,,,,,,,,,,,18.9,0.97,,,,,
4938,和碩,市,,,,,,,,,,,,,13.8,1.27,,,,,
4942,嘉彰,市,,,,,,,,,,,,,11.5,0.67,,,,,
4943,康控-KY,市,,,,,,,,,,,,,,4.2,,,,,
4949,有成精密,市,,,,,,,,,,,,,,1.04,,,,,
4952,凌通,市,,,,,,,,,,,,,23.1,2.64,,,,,
4956,光鋐,市,,,,,,,,,,,,,,2.19,,,,,
4958,臻鼎-KY,市,,,,,,,,,,,,,13.3,1.08,,,,,
4960,誠美材,市,,,,,,,,,,,,,,0.83,,,,,
4961,天鈺,市,,,,,,,,,,,,,14.5,1.67,,,,,
4967,十銓,市,,,,,,,,,,,,,8.67,1.86,,,,,
4968,立積,市,,,,,,,,,,,,,360,8.16,,,,,
4976,佳凌,市,,,,,,,,,,,,,,2.08,,,,,
4977,眾達-KY,市,,,,,,,,,,,,,145,2.92,,,,,
4989,榮科,市,,,,,,,,,,,,,,1.3,,,,,
4994,傳奇,市,,,,,,,,,,,,,28.7,6.28,,,,,
4999,鑫禾,市,,,,,,,,,,,,,214,0.74,,,,,
5007,三星,市,,,,,,,,,,,,,14.8,2.32,,,,,
5203,訊連,市,,,,,,,,,,,,,28.4,1.49,,,,,
5215,科嘉-KY,市,,,,,,,,,,,,,14.5,0.85,,,,,
5222,全訊,市,,,,,,,,,,,,,23.3,4.35,,,,,
5225,東科-KY,市,,,,,,,,,,,,,10.1,2.76,,,,,
5234,達興材料,市,,,,,,,,,,,,,43.2,6.97,,,,,
5243,乙盛-KY,市,,,,,,,,,,,,,23.9,1.55,,,,,
5244,弘凱,市,,,,,,,,,,,,,22.3,2.09,,,,,
5258,虹堡,市,,,,,,,,,,,,,13.4,2.37,,,,,
5269,祥碩,市,,,,,,,,,,,,,38.8,4.52,,,,,
5283,禾聯碩,市,,,,,,,,,,,,,15.9,1.78,,,,,
5284,jpp-KY,市,,,,,,,,,,,,,,3.73,,,,,
5285,界霖,市,,,,,,,,,,,,,27.9,1.82,,,,,
5288,豐祥-KY,市,,,,,,,,,,,,,12.5,2.37,,,,,
5292,華懋,市,,,,,,,,,,,,,17.9,4.06,,,,,
5306,桂盟,市,,,,,,,,,,,,,18.5,1.87,,,,,
5388,中磊,市,,,,,,,,,,,,,13.5,2.14,,,,,
5434,崇越,市,,,,,,,,,,,,,16.9,3.42,,,,,
5469,瀚宇博,市,,,,,,,,,,,,,10.9,0.79,,,,,
5471,松翰,市,,,,,,,,,,,,,38.5,2.06,,,,,
5484,慧友,市,,,,,,,,,,,,,,6.74,,,,,
5515,建國,市,,,,,,,,,,,,,11.8,1.19,,,,,
5519,隆大,市,,,,,,,,,,,,,8.68,1.51,,,,,
5521,工信,市,,,,,,,,,,,,,189,1.04,,,,,
5522,遠雄,市,,,,,,,,,,,,,11.5,1.18,,,,,
5525,順天,市,,,,,,,,,,,,,31.3,1.95,,,,,
5531,鄉林,市,,,,,,,,,,,,,,1.13,,,,,
5533,皇鼎,市,,,,,,,,,,,,,14.6,0.63,,,,,
5534,長虹,市,,,,,,,,,,,,,12.2,1.36,,,,,
5538,東明-KY,市,,,,,,,,,,,,,18.9,0.98,,,,,
5546,永固-KY,市,,,,,,,,,,,,,,1.09,,,,,
5607,遠雄港,市,,,,,,,,,,,,,27,1.67,,,,,
5608,四維航,市,,,,,,,,,,,,,,0.7,,,,,
5706,鳳凰,市,,,,,,,,,,,,,17.3,3.2,,,,,
5871,中租-KY,市,,,,,,,,,,,,,8.39,1.33,,,,,
5871A,中租-KY甲特,市,,,,,,,,,,,,,,,,,,,
5876,上海商銀,市,,,,,,,,,,,,,18.3,1,,,,,
5880,合庫金,市,,,,,,,,,,,,,20.8,1.52,,,,,
5906,台南-KY,市,,,,,,,,,,,,,25.5,2.66,,,,,
5907,大洋-KY,市,,,,,,,,,,,,,,0.51,,,,,
6005,群益證,市,,,,,,,,,,,,,10.8,1.2,,,,,
6024,群益期,市,,,,,,,,,,,,,10.5,1.69,,,,,
6108,競國,市,,,,,,,,,,,,,8.52,0.67,,,,,
6112,邁達特,市,,,,,,,,,,,,,36.5,2.66,,,,,
6115,鎰勝,市,,,,,,,,,,,,,18,1.91,,,,,
6116,彩晶,市,,,,,,,,,,,,,,0.69,,,,,
6117,迎廣,市,,,,,,,,,,,,,25.5,5.19,,,,,
6120,達運,市,,,,,,,,,,,,,44.8,0.95,,,,,
6128,上福,市,,,,,,,,,,,,,11.2,1.08,,,,,
6133,金橋,市,,,,,,,,,,,,,64.9,2.19,,,,,
6136,富爾特,市,,,,,,,,,,,,,32.3,0.72,,,,,
6139,亞翔,市,,,,,,,,,,,,,13.2,4.13,,,,,
6141,柏承,市,,,,,,,,,,,,,,1.27,,,,,
6142,友勁,市,,,,,,,,,,,,,,1.26,,,,,
6152,百一,市,,,,,,,,,,,,,,1.48,,,,,
6153,嘉聯益,市,,,,,,,,,,,,,,0.92,,,,,
6155,鈞寶,市,,,,,,,,,,,,,38.5,1.45,,,,,
6164,華興,市,,,,,,,,,,,,,70.2,1.31,,,,,
6165,浪凡,市,,,,,,,,,,,,,44.5,2.52,,,,,
6166,凌華,市,,,,,,,,,,,,,,3.21,,,,,
6168,宏齊,市,,,,,,,,,,,,,247,1.49,,,,,
6176,瑞儀,市,,,,,,,,,,,,,15.1,2.5,,,,,
6177,達麗,市,,,,,,,,,,,,,9.82,2.31,,,,,
6183,關貿,市,,,,,,,,,,,,,25.4,4.78,,,,,
6184,大豐電,市,,,,,,,,,,,,,14.6,1.7,,,,,
6189,豐藝,市,,,,,,,,,,,,,15.6,3.06,,,,,
6191,精成科,市,,,,,,,,,,,,,8.53,1.19,,,,,
6192,巨路,市,,,,,,,,,,,,,12.3,1.54,,,,,
6196,帆宣,市,,,,,,,,,,,,,17.7,2.63,,,,,
6197,佳必琪,市,,,,,,,,,,,,,19.2,4.8,,,,,
6201,亞弘電,市,,,,,,,,,,,,,13.2,1.89,,,,,
6202,盛群,市,,,,,,,,,,,,,,3.17,,,,,
6205,詮欣,市,,,,,,,,,,,,,29.9,2.34,,,,,
6206,飛捷,市,,,,,,,,,,,,,14.2,2.51,,,,,
6209,今國光,市,,,,,,,,,,,,,,1.51,,,,,
6213,聯茂,市,,,,,,,,,,,,,30.3,1.38,,,,,
6214,精誠,市,,,,,,,,,,,,,21.2,2.46,,,,,
6215,和椿,市,,,,,,,,,,,,,37.1,3.2,,,,,
6216,居易,市,,,,,,,,,,,,,17.1,2.17,,,,,
6224,聚鼎,市,,,,,,,,,,,,,37.4,2.46,,,,,
6225,天瀚,市,,,,,,,,,,,,,55.7,5.15,,,,,
6226,光鼎,市,,,,,,,,,,,,,,0.96,,,,,
6230,尼得科超眾,市,,,,,,,,,,,,,187,3.1,,,,,
6235,華孚,市,,,,,,,,,,,,,19.3,3.17,,,,,
6239,力成,市,,,,,,,,,,,,,9.83,1.65,,,,,
6243,迅杰,市,,,,,,,,,,,,,148,2.93,,,,,
6257,矽格,市,,,,,,,,,,,,,14.6,1.75,,,,,
6269,台郡,市,,,,,,,,,,,,,53.5,0.87,,,,,
6271,同欣電,市,,,,,,,,,,,,,15.2,1.09,,,,,
6277,宏正,市,,,,,,,,,,,,,20.1,2,,,,,
6278,台表科,市,,,,,,,,,,,,,10.7,1.44,,,,,
6281,全國電,市,,,,,,,,,,,,,18,2.95,,,,,
6282,康舒,市,,,,,,,,,,,,,,1.26,,,,,
6283,淳安,市,,,,,,,,,,,,,,2.55,,,,,
6285,啟碁,市,,,,,,,,,,,,,17.3,1.89,,,,,
6288,聯嘉,市,,,,,,,,,,,,,86.6,1.87,,,,,
6405,悅城,市,,,,,,,,,,,,,,1.02,,,,,
6409,旭隼,市,,,,,,,,,,,,,39.6,18.8,,,,,
6412,群電,市,,,,,,,,,,,,,14.9,3.48,,,,,
6414,樺漢,市,,,,,,,,,,,,,18.7,1.81,,,,,
6415,矽力*-KY,市,,,,,,,,,,,,,105,4.78,,,,,
6416,瑞祺電通,市,,,,,,,,,,,,,28,2.44,,,,,
6423,億而得-創,市,,,,,,,,,,,,,90.7,4.99,,,,,
6426,統新,市,,,,,,,,,,,,,,4.22,,,,,
6431,光麗-KY,市,,,,,,,,,,,,,,2.1,,,,,
6438,迅得,市,,,,,,,,,,,,,38.7,3.56,,,,,
6442,光聖,市,,,,,,,,,,,,,57,12.2,,,,,
6443,元晶,市,,,,,,,,,,,,,62.7,1.41,,,,,
6446,藥華藥,市,,,,,,,,,,,,,106,7.54,,,,,
6449,鈺邦,市,,,,,,,,,,,,,31.1,3.52,,,,,
6451,訊芯-KY,市,,,,,,,,,,,,,148,3.98,,,,,
6456,GIS-KY,市,,,,,,,,,,,,,,0.57,,,,,
6464,台數科,市,,,,,,,,,,,,,14.7,1.29,,,,,
6472,保瑞,市,,,,,,,,,,,,,21.4,7.16,,,,,
6477,安集,市,,,,,,,,,,,,,,1.19,,,,,
6491,晶碩,市,,,,,,,,,,,,,14.2,2.68,,,,,
6504,南六,市,,,,,,,,,,,,,323,1.38,,,,,
6505,台塑化,市,,,,,,,,,,,,,62,1.22,,,,,
6515,穎崴,市,,,,,,,,,,,,,46.4,9.32,,,,,
6525,捷敏-KY,市,,,,,,,,,,,,,15.5,2.09,,,,,
6526,達發,市,,,,,,,,,,,,,50.9,6.3,,,,,
6531,愛普*,市,,,,,,,,,,,,,35.6,4.53,,,,,
6533,晶心科,市,,,,,,,,,,,,,,4.15,,,,,
6534,正瀚-創,市,,,,,,,,,,,,,22,3.21,,,,,
6541,泰福-KY,市,,,,,,,,,,,,,,9.93,,,,,
6550,北極星藥業-KY,市,,,,,,,,,,,,,,6.22,,,,,
6552,易華電,市,,,,,,,,,,,,,,1.08,,,,,
6558,興能高,市,,,,,,,,,,,,,,2.83,,,,,
6573,虹揚-KY,市,,,,,,,,,,,,,,2.06,,,,,
6579,研揚,市,,,,,,,,,,,,,21.6,2.19,,,,,
6581,鋼聯,市,,,,,,,,,,,,,17.3,3.12,,,,,
6582,申豐,市,,,,,,,,,,,,,560,1.05,,,,,
6585,鼎基,市,,,,,,,,,,,,,14.4,2.71,,,,,
6591,動力-KY,市,,,,,,,,,,,,,17.7,1.09,,,,,
6592,和潤企業,市,,,,,,,,,,,,,14.9,1.63,,,,,
6592A,和潤企業甲特,市,,,,,,,,,,,,,,,,,,,
6592B,和潤企業乙特,市,,,,,,,,,,,,,,,,,,,
6598,ABC-KY,市,,,,,,,,,,,,,,2.52,,,,,
6605,帝寶,市,,,,,,,,,,,,,13.4,2.18,,,,,
6606,建德工業,市,,,,,,,,,,,,,29.5,1.73,,,,,
6625,必應,市,,,,,,,,,,,,,15.3,4.68,,,,,
6641,基士德-KY,市,,,,,,,,,,,,,15.4,0.85,,,,,
6645,金萬林-創,市,,,,,,,,,,,,,,2.72,,,,,
6655,科定,市,,,,,,,,,,,,,26.8,4.38,,,,,
6657,華安,市,,,,,,,,,,,,,,6.52,,,,,
6658,聯策,市,,,,,,,,,,,,,383,2.34,,,,,
6666,羅麗芬-KY,市,,,,,,,,,,,,,28,1.52,,,,,
6668,中揚光,市,,,,,,,,,,,,,,2.46,,,,,
6669,緯穎,市,,,,,,,,,,,,,22.3,5.61,,,,,
6670,復盛應用,市,,,,,,,,,,,,,13,3.19,,,,,
6671,三能-KY,市,,,,,,,,,,,,,14.1,1.45,,,,,
6672,騰輝電子-KY,市,,,,,,,,,,,,,13.2,1.43,,,,,
6674,鋐寶科技,市,,,,,,,,,,,,,,1.7,,,,,
6689,伊雲谷,市,,,,,,,,,,,,,41.5,2.61,,,,,
6691,洋基工程,市,,,,,,,,,,,,,20.2,6.25,,,,,
6695,芯鼎,市,,,,,,,,,,,,,,3.71,,,,,
6698,旭暉應材,市,,,,,,,,,,,,,,2.16,,,,,
6706,惠特,市,,,,,,,,,,,,,,3.57,,,,,
6715,嘉基,市,,,,,,,,,,,,,32.9,3.39,,,,,
6719,力智,市,,,,,,,,,,,,,90.1,1.82,,,,,
6742,澤米,市,,,,,,,,,,,,,,3,,,,,
6743,安普新,市,,,,,,,,,,,,,20.4,2.36,,,,,
6753,龍德造船,市,,,,,,,,,,,,,13.9,3.3,,,,,
6754,匯僑設計,市,,,,,,,,,,,,,11,1.98,,,,,
6756,威鋒電子,市,,,,,,,,,,,,,66.9,3.39,,,,,
6757,台灣虎航,市,,,,,,,,,,,,,12.1,5.33,,,,,
6768,志強-KY,市,,,,,,,,,,,,,21.3,1.94,,,,,
6770,力積電,市,,,,,,,,,,,,,,0.78,,,,,
6771,平和環保-創,市,,,,,,,,,,,,,13.6,2.18,,,,,
6776,展碁國際,市,,,,,,,,,,,,,12.8,2.27,,,,,
6781,AES-KY,市,,,,,,,,,,,,,45.6,6.3,,,,,
6782,視陽,市,,,,,,,,,,,,,20.1,3.31,,,,,
6789,采鈺,市,,,,,,,,,,,,,71.3,4.95,,,,,
6790,永豐實,市,,,,,,,,,,,,,13.3,2.19,,,,,
6792,詠業,市,,,,,,,,,,,,,35.8,2.02,,,,,
6794,向榮生技-創,市,,,,,,,,,,,,,,5.92,,,,,
6796,晉弘,市,,,,,,,,,,,,,,4.16,,,,,
6799,來頡,市,,,,,,,,,,,,,27.9,2.86,,,,,
6805,富世達,市,,,,,,,,,,,,,72.4,13.9,,,,,
6806,森崴能源,市,,,,,,,,,,,,,34.9,2.31,,,,,
6807,峰源-KY,市,,,,,,,,,,,,,11.1,1.82,,,,,
6830,汎銓,市,,,,,,,,,,,,,69.6,2.82,,,,,
6834,天二科技,市,,,,,,,,,,,,,249,1.97,,,,,
6835,圓裕,市,,,,,,,,,,,,,13,1.7,,,,,
6838,台新藥,市,,,,,,,,,,,,,,3.79,,,,,
6854,錼創科技-KY創,市,,,,,,,,,,,,,,8.31,,,,,
6861,睿生光電,市,,,,,,,,,,,,,21.9,1.92,,,,,
6862,三集瑞-KY,市,,,,,,,,,,,,,20.1,5.11,,,,,
6863,永道-KY,市,,,,,,,,,,,,,23.6,2.94,,,,,
6869,雲豹能源,市,,,,,,,,,,,,,82.9,4.34,,,,,
6873,泓德能源,市,,,,,,,,,,,,,21.6,3.24,,,,,
6890,來億-KY,市,,,,,,,,,,,,,28.6,4.27,,,,,
6901,鑽石投資,市,,,,,,,,,,,,,,2.89,,,,,
6902,GOGOLOOK-創,市,,,,,,,,,,,,,,10.6,,,,,
6906,現觀科,市,,,,,,,,,,,,,52.7,6.57,,,,,
6914,阜爾運通,市,,,,,,,,,,,,,16.3,2.41,,,,,
6916,華凌,市,,,,,,,,,,,,,156,1.49,,,,,
6919,康霈*,市,,,,,,,,,,,,,,8.99,,,,,
6923,中台,市,,,,,,,,,,,,,18.3,3.04,,,,,
6924,榮惠-KY創,市,,,,,,,,,,,,,,4.03,,,,,
6928,攸泰科技,市,,,,,,,,,,,,,,2.32,,,,,
6933,AMAX-KY,市,,,,,,,,,,,,,63.3,5,,,,,
6937,天虹,市,,,,,,,,,,,,,62.1,7.78,,,,,
6949,沛爾生醫-創,市,,,,,,,,,,,,,,3.98,,,,,
6951,青新-創,市,,,,,,,,,,,,,18.1,3.58,,,,,
6952,大武山,市,,,,,,,,,,,,,25.1,1.97,,,,,
6955,邦睿生技-創,市,,,,,,,,,,,,,52.3,9.05,,,,,
6957,裕慶-KY,市,,,,,,,,,,,,,24,4.39,,,,,
6958,日盛台駿,市,,,,,,,,,,,,,21.4,0.98,,,,,
6962,ITH-KY,市,,,,,,,,,,,,,,1.39,,,,,
6969,成信實業*-創,市,,,,,,,,,,,,,,5.48,,,,,
6988,威力暘-創,市,,,,,,,,,,,,,50.3,1.58,,,,,
7705,三商餐飲,市,,,,,,,,,,,,,21.3,3.52,,,,,
7722,LINEPAY,市,,,,,,,,,,,,,50.3,5.06,,,,,
8011,台通,市,,,,,,,,,,,,,33.5,1.45,,,,,
8016,矽創,市,,,,,,,,,,,,,13.5,2.23,,,,,
8021,尖點,市,,,,,,,,,,,,,24.7,1.06,,,,,
8028,昇陽半導體,市,,,,,,,,,,,,,78.8,5.91,,,,,
8033,雷虎,市,,,,,,,,,,,,,215,6.62,,,,,
8039,台虹,市,,,,,,,,,,,,,17.5,1.15,,,,,
8046,南電,市,,,,,,,,,,,,,82,1.63,,,,,
8070,長華*,市,,,,,,,,,,,,,25.6,1.97,,,,,
8072,陞泰,市,,,,,,,,,,,,,32.2,0.92,,,,,
8081,致新,市,,,,,,,,,,,,,14.2,2.79,,,,,
8101,華冠,市,,,,,,,,,,,,,,8.32,,,,,
8103,瀚荃,市,,,,,,,,,,,,,15.9,1.21,,,,,
8104,錸寶,市,,,,,,,,,,,,,473,2.1,,,,,
8105,凌巨,市,,,,,,,,,,,,,,0.9,,,,,
8110,華東,市,,,,,,,,,,,,,51.8,0.76,,,,,
8112,至上,市,,,,,,,,,,,,,13.1,2.01,,,,,
8112A,至上甲特,市,,,,,,,,,,,,,,,,,,,
8114,振樺電,市,,,,,,,,,,,,,40.1,6.37,,,,,
8131,福懋科,市,,,,,,,,,,,,,17.6,1.2,,,,,
8150,南茂,市,,,,,,,,,,,,,14,0.94,,,,,
8162,微矽電子-創,市,,,,,,,,,,,,,33.9,2,,,,,
8163,達方,市,,,,,,,,,,,,,18.4,1.15,,,,,
8201,無敵,市,,,,,,,,,,,,,,2.18,,,,,
8210,勤誠,市,,,,,,,,,,,,,18.6,5.67,,,,,
8213,志超,市,,,,,,,,,,,,,11.7,0.64,,,,,
8215,明基材,市,,,,,,,,,,,,,57.5,1.91,,,,,
8222,寶一,市,,,,,,,,,,,,,38,2.99,,,,,
8249,菱光,市,,,,,,,,,,,,,20.1,1.22,,,,,
8261,富鼎,市,,,,,,,,,,,,,25.8,2.13,,,,,
8271,宇瞻,市,,,,,,,,,,,,,15.2,1.41,,,,,
8341,日友,市,,,,,,,,,,,,,25.9,2.29,,,,,
8367,建新國際,市,,,,,,,,,,,,,12.4,1.34,,,,,
8374,羅昇,市,,,,,,,,,,,,,936,7.41,,,,,
8404,百和興業-KY,市,,,,,,,,,,,,,85.8,1.89,,,,,
8411,福貞-KY,市,,,,,,,,,,,,,,0.5,,,,,
8422,可寧衛,市,,,,,,,,,,,,,19.2,3.24,,,,,
8429,金麗-KY,市,,,,,,,,,,,,,332,0.39,,,,,
8438,昶昕,市,,,,,,,,,,,,,15.3,1.3,,,,,
8442,威宏-KY,市,,,,,,,,,,,,,10.1,1.95,,,,,
8443,阿瘦,市,,,,,,,,,,,,,,1.01,,,,,
8454,富邦媒,市,,,,,,,,,,,,,25.9,10.1,,,,,
8462,柏文,市,,,,,,,,,,,,,30.5,4.79,,,,,
8463,潤泰材,市,,,,,,,,,,,,,22.3,1.59,,,,,
8464,億豐,市,,,,,,,,,,,,,18.4,4.61,,,,,
8466,美吉吉-KY,市,,,,,,,,,,,,,50.9,1.09,,,,,
8467,波力-KY,市,,,,,,,,,,,,,31.3,6.18,,,,,
8473,山林水,市,,,,,,,,,,,,,31.5,0.96,,,,,
8476,台境*,市,,,,,,,,,,,,,13.1,2.08,,,,,
8478,東哥遊艇,市,,,,,,,,,,,,,12.4,2.66,,,,,
8481,政伸,市,,,,,,,,,,,,,21.8,2.04,,,,,
8482,商億-KY,市,,,,,,,,,,,,,21.8,2,,,,,
8487,愛爾達-創,市,,,,,,,,,,,,,10.5,2.87,,,,,
8488,吉源-KY,市,,,,,,,,,,,,,,0.45,,,,,
8499,鼎炫-KY,市,,,,,,,,,,,,,13.7,0.63,,,,,
8926,台汽電,市,,,,,,,,,,,,,26.9,2.07,,,,,
8940,新天地,市,,,,,,,,,,,,,98,2.49,,,,,
8996,高力,市,,,,,,,,,,,,,57.6,9.59,,,,,
9103,美德醫療-DR,市,,,,,,,,,,,,,,,,,,,
910322,康師傅-DR,市,,,,,,,,,,,,,,,,,,,
9105,泰金寶-DR,市,,,,,,,,,,,,,,,,,,,
910861,神州-DR,市,,,,,,,,,,,,,,,,,,,
9110,越南控-DR,市,,,,,,,,,,,,,,,,,,,
911608,明輝-DR,市,,,,,,,,,,,,,,,,,,,
911622,泰聚亨-DR,市,,,,,,,,,,,,,,,,,,,
911868,同方友友-DR,市,,,,,,,,,,,,,,,,,,,
912000,晨訊科-DR,市,,,,,,,,,,,,,,,,,,,
9136,巨騰-DR,市,,,,,,,,,,,,,,,,,,,
9802,鈺齊-KY,市,,,,,,,,,,,,,23.6,1.55,,,,,
9902,台火,市,,,,,,,,,,,,,20.8,1.27,,,,,
9904,寶成,市,,,,,,,,,,,,,9.32,0.92,,,,,
9905,大華,市,,,,,,,,,,,,,15,0.88,,,,,
9906,欣巴巴,市,,,,,,,,,,,,,37.5,7.21,,,,,
9907,統一實,市,,,,,,,,,,,,,23.5,1.22,,,,,
9908,大台北,市,,,,,,,,,,,,,15.4,1.1,,,,,
9910,豐泰,市,,,,,,,,,,,,,23.8,5.6,,,,,
9911,櫻花,市,,,,,,,,,,,,,14.1,3.05,,,,,
9912,偉聯,市,,,,,,,,,,,,,,1.48,,,,,
9914,美利達,市,,,,,,,,,,,,,32.9,2.23,,,,,
9917,中保科,市,,,,,,,,,,,,,20.5,4.69,,,,,
9918,欣天然,市,,,,,,,,,,,,,18,2.24,,,,,
9919,康那香,市,,,,,,,,,,,,,,1.33,,,,,
9921,巨大,市,,,,,,,,,,,,,23.8,1.67,,,,,
9924,福興,市,,,,,,,,,,,,,11,1.39,,,,,
9925,新保,市,,,,,,,,,,,,,17.8,1.34,,,,,
9926,新海,市,,,,,,,,,,,,,19.2,2.32,,,,,
9927,泰銘,市,,,,,,,,,,,,,11.2,1.76,,,,,
9928,中視,市,,,,,,,,,,,,,64.5,0.51,,,,,
9929,秋雨,市,,,,,,,,,,,,,,2,,,,,
9930,中聯資源,市,,,,,,,,,,,,,15.3,2.69,,,,,
9931,欣高,市,,,,,,,,,,,,,15,1.43,,,,,
9933,中鼎,市,,,,,,,,,,,,,15.8,1.72,,,,,
9934,成霖,市,,,,,,,,,,,,,10.6,0.94,,,,,
9935,慶豐富,市,,,,,,,,,,,,,16.8,2.15,,,,,
9937,全國,市,,,,,,,,,,,,,26.8,3.65,,,,,
9938,百和,市,,,,,,,,,,,,,19.4,1.93,,,,,
9939,宏全,市,,,,,,,,,,,,,15,2.41,,,,,
9940,信義,市,,,,,,,,,,,,,11.2,1.59,,,,,
9941,裕融,市,,,,,,,,,,,,,12,2,,,,,
9941A,裕融甲特,市,,,,,,,,,,,,,,,,,,,
9942,茂順,市,,,,,,,,,,,,,13.4,2.43,,,,,
9943,好樂迪,市,,,,,,,,,,,,,11.2,2.55,,,,,
9944,新麗,市,,,,,,,,,,,,,172,0.62,,,,,
9945,潤泰新,市,,,,,,,,,,,,,11.2,1.24,,,,,
9946,三發地產,市,,,,,,,,,,,,,28.6,1.24,,,,,
9955,佳龍,市,,,,,,,,,,,,,,2.46,,,,,
9958,世紀鋼,市,,,,,,,,,,,,,21.5,3.59,,,,,